"date","PCE","Consumption_logdiff","INDPRO","Output_logdiff","MORTGAGE30US","LOANINV","CreditSupply_logdiff","CSUSHPISA","HousePrice_logdiff"
1987-01-01,2935.5,NA,56.0882,NA,9.204,2074.3761,NA,63.963,NA
1987-02-01,3001.7,0.0223009983177453,56.8275,0.0130949117680599,9.0825,2077.2609,0.00138971709920099,64.422,0.00715039849907573
1987-03-01,3013.3,0.0038570288880404,56.9098,0.00144719479649869,9.035,2088.6684,0.00547658286569686,64.733,0.00481592816521648
1987-04-01,3038.8,0.00842687691904054,57.2701,0.00631111423113584,9.8325,2111.8015,0.0110146409474963,65.129,0.0060988006875986
1987-05-01,3048.4,0.00315416216289499,57.6322,0.00630276676266917,10.596,2121.1581,0.0044208384311677,65.562,0.0066263412837948
1987-06-01,3072.8,0.0079723352397334,57.9307,0.00516602930283394,10.5375,2128.4483,0.00343100346966452,66.07,0.0077185262251307
1987-07-01,3094.7,0.00710177285581537,58.3258,0.00679706547396641,10.278,2134.1486,0.0026745683590228,66.506,0.00657738311384293
1987-08-01,3130.8,0.0115975920431719,58.7636,0.00747808153783769,10.33,2145.5556,0.00533075487444368,66.938,0.00647464867896108
1987-09-01,3126.5,-0.0013743949233298,58.9951,0.00393177401290679,10.8875,2168.1487,0.0104751299673387,67.331,0.00585393683270485
1987-10-01,3134.5,0.00255550370667024,59.781,0.0132334951092075,11.26,2180.8269,0.00583044702082258,67.739,0.00604133028681542
1987-11-01,3144.2,0.00308981404339015,60.0726,0.00486594604352852,10.65,2184.5469,0.00170432181567648,68.105,0.00538854694518687
1987-12-01,3174.1,0.00946464181877538,60.4095,0.00559254657894304,10.64,2198.3553,0.00630105124704627,68.506,0.00587070077386187
1988-01-01,3213.7,0.0123987937343006,60.3976,-0.000197008289057443,10.3825,2212.4234,0.0063789859619412,68.859,0.00513960291276661
1988-02-01,3221.4,0.00239312634608879,60.7003,0.00499927134064215,9.8925,2222.0005,0.00431944040823051,69.263,0.0058499174950315
1988-03-01,3260.5,0.0120645101766783,60.8501,0.00246482242494661,9.93,2238.7003,0.00748755801811818,69.638,0.0053995422796822
1988-04-01,3263,0.000766459760063398,61.2031,0.00578437901264195,10.202,2259.5959,0.00929051772885181,69.974,0.00481334912060571
1988-05-01,3293.6,0.009334173862376,61.0797,-0.00201827308318769,10.455,2279.9876,0.00898401236818369,70.424,0.00641036967735165
1988-06-01,3318.5,0.0075316821302831,61.2569,0.00289692739416747,10.46,2299.0054,0.00830659027054192,70.887,0.00655294572693599
1988-07-01,3342.7,0.00726599005255579,61.2659,0.000146911432258534,10.432,2314.3844,0.00666713962357957,71.353,0.00655232940426131
1988-08-01,3368,0.00754023272368265,61.5731,0.00500167927823725,10.5975,2323.2415,0.00381967453161458,71.799,0.00623115909078553
1988-09-01,3375,0.00207622794441242,61.3807,-0.00312963335887328,10.48,2328.9944,0.00247317765307287,72.24,0.00612336072814212
1988-10-01,3413.7,0.0114014227244432,61.6453,0.0043015363906127,10.3025,2342.0133,0.0055743576324403,72.635,0.00545299021611712
1988-11-01,3430.2,0.00482182146690846,61.7944,0.00241575558772045,10.265,2356.621,0.00621786933425383,73.069,0.00595730087758373
1988-12-01,3459.7,0.00856331159236312,62.0743,0.00451930917807708,10.612,2368.0254,0.00482762991501229,73.464,0.00539129010879069
1989-01-01,3483.7,0.00691306725262031,62.2574,0.00294534913247801,10.73,2375.2431,0.00304334682754526,73.945,0.00652608330751114
1989-02-01,3488,0.00123355868590558,61.9819,-0.0044349968419306,10.645,2395.0009,0.00828381650255938,74.381,0.00587895926213644
1989-03-01,3498.8,0.00309154651682952,62.1369,0.00249760842958135,11.032,2403.5974,0.00358292512059499,74.777,0.00530981818483944
1989-04-01,3543,0.0125537733197714,62.1276,-0.000149680721643897,11.05,2421.6494,0.00748234648672863,75.083,0.00408381723312079
1989-05-01,3551.8,0.00248069135502327,61.7744,-0.00570129548713005,10.7725,2438.7323,0.00702947685932909,75.305,0.00295236536498322
1989-06-01,3566.6,0.00415824379791907,61.7697,-7.60861911217603e-05,10.196,2450.5952,0.00485257871495914,75.477,0.0022814404186775
1989-07-01,3585.7,0.0053409519744676,61.1738,-0.00969395968925557,9.8825,2471.3509,0.00843399038159287,75.655,0.00235555782104413
1989-08-01,3620.6,0.00968604494896219,61.7732,0.00975062016915285,9.985,2487.076,0.00634279905177326,75.832,0.00233683524720618
1989-09-01,3621.9,0.000358992064608543,61.5796,-0.00313896658954693,10.126,2498.6611,0.00464730515000689,76.053,0.00291009850827617
1989-10-01,3633.6,0.00322514234484217,61.4966,-0.00134875812841795,9.9475,2518.7953,0.00802570325211516,76.282,0.0030065339219334
1989-11-01,3643.3,0.0026659719784945,61.7044,0.00337335244121473,9.7675,2530.0919,0.00447489452760763,76.515,0.00304980046204939
1989-12-01,3684.2,0.0111635413883278,62.0428,0.00546922829010921,9.744,2538.904,0.00347686565584215,76.704,0.00246705820897475
1990-01-01,3730.7,0.0125424778727119,61.729,-0.00507063276692499,9.895,2553.1427,0.00559253987649999,76.896,0.00250000130208416
1990-02-01,3728.2,-0.00067034015568268,62.2896,0.0090406409731596,10.1975,2571.7595,0.00726526328213772,77.052,0.00202665904585331
1990-03-01,3754.9,0.00713611025001804,62.5999,0.00496920299174874,10.268,2581.9338,0.00394835805138438,77.2,0.00191893843081914
1990-04-01,3770,0.00401334775689222,62.4359,-0.0026232502058825,10.37,2595.3345,0.00517675698858078,77.278,0.00100985262145681
1990-05-01,3775.8,0.00153727931888703,62.6258,0.00303690331972906,10.4775,2607.179,0.00455338384595372,77.298,0.000258772385254957
1990-06-01,3804.5,0.00757229585563479,62.8382,0.00338583502695045,10.164,2623.6001,0.00627866466221416,77.259,-0.000504668191381619
1990-07-01,3821.7,0.00451077316727222,62.7284,-0.00174887315553374,10.035,2630.5397,0.00264157570962631,77.14,-0.00154146106597874
1990-08-01,3848.3,0.0069361425407859,62.9475,0.0034867499970046,10.1,2641.0489,0.00398711459469059,77.009,-0.00169965463981381
1990-09-01,3870.1,0.00564885415863081,62.9523,7.6251114018433e-05,10.175,2646.7063,0.00213981243257066,76.85,-0.00206682815566328
1990-10-01,3870.6,0.000129187282984944,62.5845,-0.00585965314367698,10.1775,2656.0048,0.00350707755157309,76.701,-0.00194072388673749
1990-11-01,3871.9,0.000335808850426389,61.7887,-0.0127971437648062,10.014,2662.0813,0.00228522161174105,76.366,-0.00437717515694125
1990-12-01,3861.3,-0.00274142829323587,61.3352,-0.00736659658813377,9.6725,2673.4722,0.00426981654515757,76.185,-0.00237297801960779
1991-01-01,3841,-0.00527116497753788,61.1355,-0.00326119107656364,9.6375,2671.3297,-0.000801713573240548,75.913,-0.00357664518877066
1991-02-01,3866.7,0.00666868073293969,60.6838,-0.00741593606502811,9.365,2681.1406,0.0036659375718413,75.731,-0.00240035988744935
1991-03-01,3913,0.0119029131315678,60.3346,-0.00577103926629174,9.5,2697.3127,0.00601368008076175,75.566,-0.0021811412706656
1991-04-01,3907.1,-0.00150893239714556,60.4938,0.00263514359411321,9.4925,2699.7056,0.000886748950545524,75.566,0
1991-05-01,3933.2,0.00665793309273432,61.0633,0.00937015060119784,9.472,2703.0035,0.00122083212276181,75.763,0.00260360025222184
1991-06-01,3940.5,0.00185427488770351,61.5581,0.00807041324905455,9.615,2711.2161,0.00303371747192571,75.995,0.00305750182177
1991-07-01,3966,0.00645041128603729,61.7305,0.00279669186556841,9.575,2711.4883,0.000100392711883224,76.08,0.00111786958871019
1991-08-01,3969.1,0.00078133864921881,61.7298,-1.13396776129093e-05,9.244,2710.7038,-0.000289366363642962,76.106,0.000341687149316705
1991-09-01,3984.7,0.00392265835284178,62.2195,0.00790165895112249,9.0075,2722.0603,0.0041807508415026,76.195,0.00116873835537223
1991-10-01,3976,-0.00218573830533764,62.1855,-0.000546601838294691,8.855,2738.7517,0.00611317583577176,76.074,-0.00158929296795751
1991-11-01,4003.6,0.00691766756840018,62.0871,-0.00158361570554266,8.712,2754.1817,0.00561814224268886,76.009,-0.000854796446122741
1991-12-01,4020.5,0.00421231664333988,61.7852,-0.00487438430952292,8.4975,2770.3646,0.00585856119506545,76.053,0.000578711331272963
1992-01-01,4084.7,0.0158420131966093,61.4616,-0.00525126402675546,8.432,2777.9493,0.00273405753941969,76.089,0.000473242111604044
1992-02-01,4099.5,0.00361672885141928,61.8955,0.00703488959229048,8.7625,2783.1549,0.00187214672957925,76.159,0.000919552374186061
1992-03-01,4117,0.00425972773367178,62.4232,0.0084895220004988,8.935,2788.376,0.00187420715133246,76.279,0.00157441090525623
1992-04-01,4131.5,0.00351579437133509,62.897,0.00756146666679669,8.8525,2795.8239,0.00266749204887962,76.346,0.000877968934365647
1992-05-01,4158.4,0.0064898477459856,63.104,0.00328569116478317,8.672,2801.8038,0.0021365844944814,76.4,0.000707056188046451
1992-06-01,4177.1,0.00448684095062291,63.1363,0.000511722495983413,8.51,2805.5931,0.0013515364239014,76.333,-0.000877348108106801
1992-07-01,4204.8,0.00660950401238836,63.7176,0.0091649380729315,8.128,2812.212,0.00235640181347385,76.266,-0.000878118523781168
1992-08-01,4220.9,0.00382164558315701,63.3613,-0.0056075545766312,7.975,2821.6113,0.00333674246434601,76.232,-0.00044590749469986
1992-09-01,4255.3,0.0081168893765966,63.5703,0.00329311517190156,7.9225,2833.4079,0.00417208737727037,76.24,0.000104937300059227
1992-10-01,4284.7,0.00688527310234655,63.9995,0.00672889068479865,8.088,2839.2858,0.00207234954484381,76.378,0.00180843724344637
1992-11-01,4300.5,0.0036807570791968,64.2422,0.00378504479829456,8.305,2848.613,0.00327966747947439,76.557,0.00234086483457752
1992-12-01,4336.4,0.00831321579560296,64.3507,0.00168749636639998,8.206,2861.1205,0.00438112216830433,76.676,0.00155319055194347
1993-01-01,4340.7,0.000991114624008915,64.5978,0.00383254248724452,7.9925,2859.6098,-0.000528149364117603,76.785,0.0014205566017429
1993-02-01,4355.3,0.00335786884044609,64.9089,0.00480439387932474,7.6825,2869.3745,0.0034088798099372,76.839,0.000703015182835998
1993-03-01,4352.5,-0.00064310160924741,64.8522,-0.000873913732368337,7.495,2882.7096,0.004636623407551,76.869,0.000390350539737128
1993-04-01,4393.4,0.00935302213774136,65.0301,0.00273940500363601,7.472,2892.3022,0.00332210882142903,76.936,0.000871233109950964
1993-05-01,4422.4,0.0065791203532104,64.784,-0.00379158034187999,7.465,2909.8523,0.00604952988518637,77.038,0.00132489920272949
1993-06-01,4440,0.00397184129297479,64.9301,0.00225264734953345,7.4175,2928.5899,0.00641872050470571,77.244,0.00267043624556873
1993-07-01,4468.9,0.00648791688627348,65.1052,0.00269311649731296,7.206,2944.4542,0.00540242447178407,77.433,0.00244380346220563
1993-08-01,4481.1,0.00272625867181198,65.0267,-0.00120646835283011,7.1125,2953.8137,0.0031736462346057,77.616,0.00236054518217621
1993-09-01,4511.5,0.00676114045019993,65.3717,0.00529148831573512,6.915,2960.4381,0.00224014904818493,77.797,0.00232927852670262
1993-10-01,4532.8,0.00471015764169636,65.8509,0.00730365242230313,6.834,2963.6293,0.00107736799506242,77.944,0.00188775009347708
1993-11-01,4554.1,0.00468807602395493,66.1518,0.00455900555324895,7.155,2975.2393,0.00390984060163468,78.149,0.00262664075726704
1993-12-01,4571.1,0.00372595004321141,66.5436,0.00590527084702952,7.172,2993.8169,0.00622465574522835,78.328,0.0022878771714625
1994-01-01,4585.1,0.00305803956012518,66.7351,0.00287367946692818,7.06,3005.7052,0.00396308751320795,78.593,0.00337749889327199
1994-02-01,4632.6,0.010306349839281,66.774,0.000582731830276906,7.1525,3008.0489,0.000779446608452972,78.727,0.00170353460978934
1994-03-01,4646,0.00288836878752896,67.4552,0.0101498906066313,7.675,3038.4063,0.0100414719290587,78.856,0.00163723280830652
1994-04-01,4671.1,0.00538795563451977,67.8541,0.00589613804265277,8.316,3057.0941,0.00613168971372957,78.988,0.00167253783192578
1994-05-01,4669.5,-0.00034259041510154,68.1663,0.00459049595854744,8.5975,3061.9762,0.00159570026051981,79.223,0.00297071850662967
1994-06-01,4708.9,0.00840233553710057,68.6265,0.00672844968713626,8.3975,3076.926,0.00487052214424821,79.424,0.00253392888044868
1994-07-01,4720.6,0.00248157505790658,68.7178,0.00132950567949841,8.614,3103.8016,0.00869663610043858,79.596,0.0021632507492777
1994-08-01,4762.6,0.00885782744506436,69.1785,0.00668185751292683,8.5125,3116.4684,0.00407275488331926,79.782,0.00233407477120462
1994-09-01,4775,0.00260023632498729,69.3961,0.00314054926155194,8.64,3129.3515,0.00412535695145166,79.919,0.00171570664687959
1994-10-01,4812.9,0.00790583911030929,69.9544,0.00801293123785829,8.925,3139.9907,0.00339404354517825,80.066,0.00183767279893399
1994-11-01,4825.6,0.00263526634844169,70.4326,0.00681262295668539,9.17,3150.6261,0.00338135685943719,80.15,0.00104858450712442
1994-12-01,4841.6,0.00331016522045502,71.1523,0.0101664259222325,9.198,3174.5166,0.0075541737928706,80.297,0.00183238129888164
1995-01-01,4851.2,0.00198085241396129,71.2734,0.00170053619793809,9.1475,3199.66,0.00788918537610606,80.427,0.00161768035078325
1995-02-01,4850.8,-8.24572253605993e-05,71.193,-0.00112868730501159,8.8275,3206.1878,0.00203807597788064,80.529,0.00126742729260343
1995-03-01,4885.4,0.00710752565826489,71.3113,0.00166030115828697,8.462,3217.0899,0.0033945630184391,80.599,0.000868874489894367
1995-04-01,4890.2,0.00098203698714272,71.1882,-0.00172772579021618,8.32,3270.4475,0.0164496325418693,80.661,0.000768944599466082
1995-05-01,4933.1,0.00873439124020159,71.5378,0.00489890698511886,7.955,3288.8202,0.00560207294162396,80.705,0.000545344138052073
1995-06-01,4977.5,0.00896016327010507,71.7749,0.0033088514322035,7.566,3306.277,0.00529388430217104,80.786,0.00100315196255707
1995-07-01,4970.2,-0.00146767620864985,71.4748,-0.00418989274010606,7.6075,3333.3198,0.00814596137496082,80.938,0.00187974629315324
1995-08-01,5005.3,0.00703727028322554,72.4223,0.013169322992451,7.86,3354.7885,0.0064199838803809,81.111,0.00213515746131243
1995-09-01,5020.5,0.00303217930656352,72.7144,0.00402517618747922,7.636,3372.8355,0.00536505705089141,81.307,0.00241352676604123
1995-10-01,5013.9,-0.00131547495650253,72.5866,-0.00175910741090579,7.475,3375.5302,0.000798623033491097,81.483,0.00216229582375238
1995-11-01,5055.6,0.00828248440998358,72.7779,0.00263200589463253,7.3775,3386.8887,0.00335930407436003,81.62,0.00167992044559995
1995-12-01,5097.5,0.00825368367563861,73.0305,0.00346482442308371,7.2,3401.1606,0.00420501395881345,81.737,0.00143244574773149
1996-01-01,5085.7,-0.00231754365651149,72.6125,-0.00574007879136751,7.03,3417.3703,0.00475461086105788,81.835,0.00119824923245648
1996-02-01,5132.8,0.00921863944004109,73.6752,0.0145291599264654,7.075,3432.2451,0.004343257982935,81.955,0.00146529118347605
1996-03-01,5173.3,0.00785946351723332,73.585,-0.00122504262904055,7.624,3441.2131,0.0026094594097632,82.196,0.00293632293630086
1996-04-01,5208,0.00668512213903227,74.3172,0.00990121826052093,7.925,3461.2188,0.00579672680851218,82.421,0.00273361973687614
1996-05-01,5223.8,0.00302920149577446,74.8726,0.00744558362292391,8.07,3468.4155,0.00207708005236995,82.61,0.00229047975991392
1996-06-01,5229.8,0.00114793002580349,75.4433,0.00759337824118411,8.32,3482.9198,0.00417310356158751,82.753,0.00172952880204047
1996-07-01,5251.9,0.00421687946585791,75.4549,0.000153746035709723,8.245,3488.3127,0.00154718726589209,82.929,0.00212455265148037
1996-08-01,5275,0.00438876346842498,75.8411,0.00510523528457529,8.002,3498.2667,0.00284946500002015,83.087,0.00190343156928918
1996-09-01,5296.6,0.00408642590676322,76.3158,0.00623963211821454,8.23,3520.6253,0.00637099862121104,83.257,0.00204395781254441
1996-10-01,5328.5,0.00600466740998051,76.3384,0.00029609405001807,7.915,3549.478,0.00816193454305036,83.378,0.00145227618767763
1996-11-01,5351.2,0.00425106214318838,77.0397,0.00914478517206874,7.618,3567.8532,0.00516351995155695,83.553,0.00209667544205772
1996-12-01,5378.6,0.00510728243941116,77.5333,0.00638664809245615,7.5975,3587.963,0.00562056161817459,83.722,0.00202062540727788
1997-01-01,5411.1,0.00602428210065398,77.6562,0.0015838703738682,7.824,3611.3342,0.00649265656103815,83.955,0.00277915456465117
1997-02-01,5434,0.0042231116420286,78.5833,0.0118678167995965,7.65,3626.831,0.00428197568030519,84.18,0.00267642233099163
1997-03-01,5454.2,0.00371044308060142,79.082,0.00632608016011016,7.8975,3658.6579,0.00873712194241705,84.452,0.00322596228341165
1997-04-01,5459.3,0.000934622324871626,79.1747,0.00117151451536834,8.1425,3699.2087,0.0110225457374398,84.622,0.00201095446123123
1997-05-01,5460.2,0.000164842712951696,79.6133,0.00552436097756726,7.944,3722.5354,0.00628606335592607,84.862,0.00283212763941076
1997-06-01,5494.2,0.00620757123702376,79.9792,0.00458543654776378,7.69,3748.6544,0.00699195365307048,85.082,0.00258908961652526
1997-07-01,5548.8,0.00988869780442769,80.6624,0.00850594265971072,7.4975,3773.555,0.00662057904255242,85.332,0.00293403334637787
1997-08-01,5587,0.00686078231298026,81.4694,0.00995494609358527,7.48,3786.8759,0.00352385041555614,85.574,0.00283196800273267
1997-09-01,5601.7,0.00262765262417908,82.2156,0.00911757545657377,7.43,3813.8353,0.0070939448557823,85.853,0.00325503271175709
1997-10-01,5637.7,0.00640605781672576,82.9446,0.00882784998199604,7.294,3829.7626,0.00416749370139158,86.149,0.0034418238416416
1997-11-01,5661.1,0.0041420387041331,83.5978,0.00784428889502831,7.205,3864.5755,0.00904902724612455,86.634,0.00561399297162435
1997-12-01,5692.1,0.00546102896844936,83.9538,0.00424944358291679,7.095,3885.8531,0.00549070368988147,87.095,0.00530712871228811
1998-01-01,5689.9,-0.000386575299138769,84.3218,0.00437378427594659,6.994,3924.202,0.00982047058850632,87.618,0.00598697935696446
1998-02-01,5723.8,0.00594024719142894,84.4583,0.00161748961826813,7.0425,3954.8841,0.00778827765084955,88.006,0.00441853768572376
1998-03-01,5750.3,0.00461910687850242,84.488,0.000351591012125674,7.1275,3996.4529,0.0104558965897379,88.445,0.00497589592335768
1998-04-01,5788.1,0.00655205838378414,84.7779,0.00342538318061347,7.14,4006.9633,0.00262647993792342,88.88,0.00490625543590362
1998-05-01,5837.9,0.0085670573863208,85.3367,0.00656971253341165,7.144,4025.0607,0.00450631886189079,89.366,0.00545315131158297
1998-06-01,5871.7,0.0057730569574268,84.8248,-0.00601665528614514,6.9975,4040.9159,0.00393138269733839,89.845,0.005345666735459
1998-07-01,5890,0.00311179757467173,84.4986,-0.00385298669351375,6.952,4053.8393,0.00319303318276987,90.311,0.0051733057938641
1998-08-01,5925,0.00592468935770007,86.248,0.0204919010582776,6.9225,4096.9705,0.0105833907660173,90.786,0.00524581952520808
1998-09-01,5965.6,0.00682895022625196,86.2021,-0.000532327914960717,6.7225,4123.4773,0.00644901409570586,91.259,0.00519652903846612
1998-10-01,5998.8,0.00554981197794113,86.7914,0.00681299909485134,6.71,4174.0186,0.0121824525582568,91.717,0.00500613147634521
1998-11-01,6015.4,0.00276339840582729,86.7256,-0.000758427164532449,6.865,4228.9406,0.0130722477157335,92.2,0.00525238135024786
1998-12-01,6070.5,0.00911812637067655,87.1185,0.00452014959345082,6.738,4238.9551,0.00236528767564259,92.712,0.00553778346954203
1999-01-01,6073.9,0.000559928870726978,87.4949,0.00431124510497849,6.785,4247.33,0.00197375002610656,93.208,0.00533564088554961
1999-02-01,6099.2,0.00415671216507185,88.027,0.0060630796503478,6.8075,4238.8476,-0.00199911037095291,93.673,0.00497643912052403
1999-03-01,6133,0.00552641160615508,88.2267,0.00226605268944535,7.04,4262.5621,0.00557897156969211,94.219,0.00581186571954362
1999-04-01,6199.5,0.010784616993913,88.4295,0.00229598609150639,6.916,4277.1465,0.00341567022074685,94.787,0.00601040929829288
1999-05-01,6232.1,0.00524471101504176,88.9886,0.00630264725838536,7.145,4284.847,0.00179876382206601,95.346,0.00588011140255418
1999-06-01,6260.3,0.00451475263360379,88.9188,-0.000784677912008647,7.55,4316.9509,0.00746449740828048,95.976,0.00658577975407226
1999-07-01,6287.6,0.0043513325855411,89.4333,0.0057695023180111,7.632,4329.6768,0.00294355432665228,96.593,0.00640811461210422
1999-08-01,6331.9,0.00702090922362864,89.7924,0.00400724316362489,7.9425,4352.0505,0.0051542161503999,97.22,0.00647017679257811
1999-09-01,6386.5,0.00858603840512018,89.4299,-0.00404526104545244,7.8225,4383.1483,0.00712014279030448,97.863,0.0065920898130214
1999-10-01,6411.4,0.00389126832051723,90.523,0.0121488838987993,7.852,4414.1731,0.00705326705918985,98.523,0.00672148202830947
1999-11-01,6448.7,0.0058009042848628,90.9618,0.00483567610142455,7.7375,4450.8794,0.00828117143571028,99.155,0.00639425887915301
1999-12-01,6541,0.0142114988730011,91.6634,0.00768353383514686,7.912,4504.5262,0.0119810188664431,99.844,0.00692468558334358
2000-01-01,6542.9,0.000290433282637892,91.538,-0.00136898538531405,8.21,4539.5255,0.00773977767437906,100.552,0.00706603870140032
2000-02-01,6625.3,0.0125151616041954,91.8239,0.00311842571099064,8.325,4562.3625,0.00501809029554146,101.339,0.00779632560468269
2000-03-01,6686.5,0.00919491446480514,92.1504,0.00354941252967933,8.24,4615.3378,0.0115444799076077,102.127,0.00774580460451535
2000-04-01,6679.1,-0.00110732039805583,92.6989,0.00593458141104719,8.1525,4657.9475,0.00918983909111404,102.922,0.00775428296198388
2000-05-01,6709.7,0.0045709926624653,92.9499,0.00270403205340664,8.515,4706.1661,0.0102986845830184,103.677,0.00730887720643025
2000-06-01,6746.9,0.00552889953822167,92.9862,0.000390456726382382,8.288,4745.7724,0.00838061564009784,104.425,0.00718881338308996
2000-07-01,6768.5,0.0031963565103581,92.8048,-0.00195273245358862,8.1475,4777.5887,0.00668176246563235,105.055,0.00601491215777372
2000-08-01,6802.8,0.00505479549241805,92.5521,-0.00272663339275514,8.0275,4801.9995,0.00509643052012443,105.769,0.00677344827755988
2000-09-01,6888.6,0.0125335792095633,92.9792,0.0046040830248808,7.912,4825.5841,0.00489939078318713,106.539,0.00725364448018162
2000-10-01,6893.8,0.000754585594197721,92.6179,-0.00389338471770717,7.795,4816.7923,-0.00182357586380455,107.384,0.00790007988658115
2000-11-01,6909.8,0.0023182368607646,92.6438,0.000279604474845208,7.745,4830.5144,0.00284475443368848,108.303,0.00852165926897364
2000-12-01,6952.2,0.00611746244828737,92.3415,-0.00326837072030717,7.382,4866.0641,0.00733245428312479,109.141,0.0077077698053234
2001-01-01,6987.4,0.00505037085975069,91.902,-0.00477086935092341,7.0325,4901.6794,0.00729246377837001,109.848,0.00645696775981808
2001-02-01,7001.8,0.00205873174821214,91.3034,-0.00653476513437035,7.05,4905.0182,0.000680922419592278,110.502,0.00593602832207374
2001-03-01,6996.7,-0.000728649530397973,91.1162,-0.00205241175524229,6.952,4914.6812,0.00196808532021286,111.11,0.00548708125439301
2001-04-01,7004.2,0.00107135980078077,90.7891,-0.00359638067233892,7.0775,4933.1814,0.00375720550027125,111.652,0.0048661896511728
2001-05-01,7052.8,0.00691473196906855,90.3555,-0.00478734478563059,7.145,4952.3816,0.00388449785675604,112.163,0.00456627918504804
2001-06-01,7069.7,0.00239334509712563,89.8784,-0.00529424391733802,7.16,4951.6782,-0.000142042761330785,112.797,0.00563657253346683
2001-07-01,7082.3,0.00178066751403527,89.3028,-0.0064248032714529,7.1275,4949.7698,-0.000385478977142029,113.492,0.00614260689019996
2001-08-01,7121.7,0.00554774726172091,89.2003,-0.0011484395650907,6.95,4947.6508,-0.000428192378198133,114.168,0.00593869794228485
2001-09-01,7007,-0.0162368115808338,88.7485,-0.00507787600476384,6.8175,5026.841,0.0158788769374159,114.813,0.00563367009428273
2001-10-01,7212.9,0.0289614401801099,88.5052,-0.00274521945434181,6.6175,5001.04,-0.00514586420281837,115.31,0.0043194358906522
2001-11-01,7182.3,-0.00425142354260011,87.97,-0.00606546008531872,6.658,5029.3766,0.00565014924409013,115.856,0.00472388686344072
2001-12-01,7166.7,-0.00217436840842566,87.9324,-0.000427509807400916,7.065,5066.1907,0.00729315393274632,116.453,0.00513971748171649
2002-01-01,7184.6,0.00249454882586342,88.5176,0.00663306484117054,6.9975,5045.979,-0.00399750548397648,117.143,0.00590765258625492
2002-02-01,7225.2,0.00563506883292142,88.5278,0.000115224682609494,6.8925,5056.5177,0.00208635630097476,117.845,0.00597479095391407
2002-03-01,7243.4,0.00251579414723047,89.1686,0.00721233269492316,7.014,5070.5593,0.0027730823016956,118.688,0.00712799963882915
2002-04-01,7312.5,0.00949450313447819,89.604,0.00487100216567882,6.985,5077.9269,0.0014519606469694,119.613,0.00776332995458073
2002-05-01,7288.9,-0.00323256955506857,89.964,0.00400962846736075,6.806,5083.1369,0.00102548326811558,120.725,0.0092537004978448
2002-06-01,7322.5,0.00459915671684641,90.7061,0.00821501923644785,6.65,5115.0831,0.00626507459021575,121.814,0.00898005943954061
2002-07-01,7387.3,0.00881050988795273,90.6769,-0.000321970639499902,6.485,5137.9565,0.00446178671661102,122.888,0.00877808024769866
2002-08-01,7412.6,0.00341894535026555,90.5762,-0.0011111535235635,6.29,5197.3036,0.0114845203157401,123.832,0.00765243682473127
2002-09-01,7391.5,-0.00285056359896352,90.6531,0.000848648696599064,6.0925,5255.1997,0.0110780528715289,124.781,0.00763439248377562
2002-10-01,7435.2,0.0058947879895701,90.4643,-0.00208483633693479,6.1125,5334.3045,0.0149405052348062,125.736,0.0076242700186766
2002-11-01,7463.8,0.00383918855343524,90.9711,0.00558657591731837,6.068,5394.9307,0.011301242655918,126.671,0.00740870321944254
2002-12-01,7519.9,0.00748817209897723,90.4652,-0.00557662729091923,6.0475,5457.6912,0.0115660897841288,127.625,0.00750310249135921
2003-01-01,7541.3,0.00284174095042822,91.2361,0.00848540572389922,5.916,5471.8388,0.00258887763733284,128.462,0.00653686427235112
2003-02-01,7548.6,0.000967534651584501,91.3445,0.00118742092792701,5.8425,5511.1348,0.00715583395052555,129.357,0.00694288314813285
2003-03-01,7611.5,0.00829814591416955,91.1044,-0.00263197134762816,5.745,5540.6605,0.00534316270679014,130.148,0.0060962405328242
2003-04-01,7634.5,0.00301718712425725,90.5617,-0.00597471530908589,5.8125,5586.415,0.00822404015913847,130.885,0.00564681062057026
2003-05-01,7650.3,0.00206741411437505,90.537,-0.0002727794308095,5.484,5646.77,0.0107459426318446,131.736,0.00648084485698952
2003-06-01,7699.6,0.00642351670253838,90.6527,0.00127711471155134,5.23,5693.8031,0.00829470772771757,132.65,0.00691416066805051
2003-07-01,7757,0.00742728205039178,91.1185,0.00512513555059879,5.6325,5731.1281,0.00653397944183176,133.777,0.00846015397840905
2003-08-01,7852.1,0.0121853504331444,90.9197,-0.00218415781997461,6.264,5734.2936,0.000552182058935813,134.968,0.0088634787415165
2003-09-01,7853.7,0.000203746387390069,91.5059,0.00642675170213902,6.1475,5729.4309,-0.000848363076354275,136.295,0.00978394094017965
2003-10-01,7867.4,0.00174288102842368,91.6186,0.00123085675841761,5.952,5699.9422,-0.00516017198421181,137.533,0.0090422340673797
2003-11-01,7922.6,0.00699179542390738,92.2329,0.00668259204919686,5.9325,5726.7553,0.0046930706291981,138.795,0.00913413605787028
2003-12-01,7950.4,0.0035028070843186,92.2602,0.000295946029409855,5.876,5790.2254,0.0110221149480267,140.181,0.00993642036289266
2004-01-01,8007.1,0.00710640621865188,92.4006,0.00152062621903415,5.7125,5819.3749,0.0050216304612416,141.647,0.0104036023580214
2004-02-01,8040.4,0.00415018511253429,92.958,0.00601430610916065,5.635,5904.252,0.0144799188374307,143.192,0.0108483399541814
2004-03-01,8098.8,0.00723706935811919,92.5861,-0.00400875584876825,5.445,5980.6309,0.0128532947557609,145.059,0.0129541691681467
2004-04-01,8107.2,0.00103665318428448,92.93,0.00370749917580682,5.83,6035.1511,0.00907482744871402,146.593,0.010519483123379
2004-05-01,8176.5,0.0085116304507995,93.6013,0.00719775070673734,6.27,6065.5223,0.00501976423469408,148.186,0.0108082021274072
2004-06-01,8157.6,-0.00231417812242896,92.871,-0.00783283880618857,6.2875,6107.4636,0.00689090849333063,149.851,0.0111732256172798
2004-07-01,8236.9,0.00967405147518008,93.5649,0.00744387968366667,6.056,6134.4311,0.00440577938020148,151.339,0.0098808865257034
2004-08-01,8271.6,0.00420390115441016,93.6277,0.00067096671936806,5.8675,6166.5952,0.00522951053301313,152.634,0.0085205451451742
2004-09-01,8341.5,0.00841509561612241,93.7467,0.0012701843581544,5.754,6227.3844,0.0098095509959073,154.178,0.0100648803446086
2004-10-01,8397.1,0.00664335183204656,94.5465,0.00849531273723336,5.7225,6260.3561,0.00528066332241117,155.75,0.0101443785716642
2004-11-01,8444.5,0.00562893373020046,94.7813,0.00248035545099423,5.73,6301.5757,0.00656264475788504,157.526,0.011338366339106
2004-12-01,8504.4,0.00706833474623458,95.5365,0.0079362410009356,5.752,6375.2169,0.0116184007590849,159.329,0.0113807227941223
2005-01-01,8497.7,-0.000788137976698522,95.8801,0.00359007911587028,5.71,6494.3885,0.01852038234947,161.288,0.0122203400266194
2005-02-01,8559.1,0.00719950579374284,96.5761,0.00723284606277108,5.6275,6556.9426,0.00958593089522708,163.345,0.012672941629682
2005-03-01,8598.4,0.00458109499991721,96.4456,-0.00135217977961766,5.928,6627.7985,0.0107482705346751,165.814,0.015002149762557
2005-04-01,8678.4,0.00926104044479459,96.6532,0.00215019544382233,5.855,6660.9991,0.00499679054169988,167.504,0.01014055335735
2005-05-01,8671.6,-0.000783861711605383,96.7402,0.000899720526851944,5.72,6717.6116,0.00846318637673349,169.353,0.0109780623217279
2005-06-01,8753.4,0.00938887815154388,97.1753,0.00448752915746375,5.582,6751.0035,0.00495848580839287,171.193,0.0108062811225169
2005-07-01,8853.8,0.0114045490705621,96.8676,-0.00317146628821696,5.695,6839.5613,0.0130324316493535,172.862,0.00970201329300924
2005-08-01,8850.1,-0.000417987003300979,97.1833,0.0032537883465622,5.82,6898.4002,0.00856593749754175,174.444,0.00911018491793492
2005-09-01,8900.4,0.00566746115734595,95.3005,-0.0195638287695461,5.774,6936.7429,0.00554281193753603,176.44,0.011377102004551
2005-10-01,8938.5,0.00427157032463121,96.4572,0.0120643294072105,6.065,6973.4084,0.00527177370328502,178.03,0.00897120018003239
2005-11-01,8946.2,0.000861071248134948,97.5414,0.0111775166214949,6.33,6993.3052,0.00284917612398949,179.683,0.00924211178304457
2005-12-01,8981.1,0.00389350812320899,98.0452,0.00515169356423151,6.272,7072.4677,0.0112561657853387,180.912,0.0068165379930738
2006-01-01,9071.6,0.0100262850582205,98.1999,0.00157660020091566,6.145,7121.7521,0.00694431941312601,182.321,0.00775814459127844
2006-02-01,9096,0.002686102145665,98.2413,0.000421500180338263,6.2525,7172.8059,0.00714314035908004,183.287,0.00528436056059256
2006-03-01,9132.9,0.0040485218966424,98.4628,0.00225211465974606,6.324,7220.6965,0.00665449942546381,184.365,0.005864257990293
2006-04-01,9191.6,0.00640674515376638,98.7618,0.00303207844327069,6.5075,7316.9283,0.0132391923598636,184.33,-0.00018985882697109
2006-05-01,9231.8,0.00436402225427379,98.7869,0.000254114556411444,6.5975,7395.3046,0.0106546765518267,184.157,-0.00093897484964689
2006-06-01,9259.6,0.003006805427896,99.0997,0.00316140921642472,6.682,7433.2698,0.00512055736851913,183.507,-0.00353584075242974
2006-07-01,9343.8,0.00905217056639707,99.0489,-0.00051274650553168,6.7625,7475.8022,0.00570558856813186,183.066,-0.00240607034752749
2006-08-01,9342.2,-0.000171251204529099,99.4836,0.00437913887833385,6.524,7525.5666,0.00663467223705716,182.593,-0.00258711129123856
2006-09-01,9375.4,0.00354746707026266,99.3183,-0.00166296235693952,6.4025,7542.871,0.00229677529500272,182.798,0.00112208577392003
2006-10-01,9393.6,0.00193936871484013,99.2044,-0.00114747595612652,6.3575,7705.8124,0.0213720224647087,183.198,0.00218581710871124
2006-11-01,9400.2,0.00070235931757523,99.1627,-0.000420432628336798,6.24,7752.2947,0.00601398862061053,183.608,0.00223551507199371
2006-12-01,9488.3,0.00932849499715793,100.1735,0.0101417470966894,6.135,7840.5765,0.0113234749604043,184.138,0.00288242627766699
2007-01-01,9538.7,0.00529774718848763,99.8346,-0.00338886599431643,6.2175,7887.3184,0.00594383900833861,184.516,0.00205070408822117
2007-02-01,9566,0.00285793742710005,100.7753,0.00937846930767439,6.285,7935.7463,0.00612119739511918,184.598,0.000444307186121762
2007-03-01,9611.7,0.00476596114277683,100.9547,0.00177861544930291,6.156,7893.2017,-0.00537555653723842,184.149,-0.00243527525323373
2007-04-01,9643.6,0.00331337649212493,101.6334,0.00670031990175257,6.18,7952.9556,0.00754178847209985,183.01,-0.0062044163634507
2007-05-01,9685.8,0.00436641251639358,101.7306,0.000955921474810495,6.262,7993.7869,0.00512096928022387,181.6,-0.00773432998999724
2007-06-01,9706.8,0.00216577542036944,101.7893,0.000576847783707812,6.6575,8060.7114,0.00833721321018643,180.253,-0.00744504659001333
2007-07-01,9751.1,0.00455342832905004,101.6672,-0.00120025670999269,6.695,8130.7015,0.00864538954932392,179.11,-0.00636127734001235
2007-08-01,9798.9,0.00489003531981602,101.863,0.00192403938484897,6.572,8233.9158,0.0126144922025837,178.116,-0.00556511880653954
2007-09-01,9845.1,0.00470373500119159,102.0894,0.00222012678441796,6.3825,8348.9432,0.0138732705759672,177.557,-0.00314333930475641
2007-10-01,9882.7,0.00381188429817492,101.8015,-0.00282406121451473,6.375,8441.0194,0.0109681153260741,176.623,-0.00527416661062663
2007-11-01,9955.9,0.0073795864824433,102.3446,0.00532071179671423,6.208,8519.0256,0.00919888479889863,175.147,-0.00839189619428726
2007-12-01,9972.8,0.00169604681200219,102.3803,0.000348760706312845,6.095,8573.7,0.00639740995676163,174.34,-0.00461820573752814
2008-01-01,9996.4,0.00236364110604015,102.2448,-0.00132437340096825,5.758,8595.7401,0.00256736526966783,173.132,-0.00695310624623069
2008-02-01,9981.7,-0.00147161168007948,101.8438,-0.00392967089813467,5.9175,8643.8707,0.00558373684999047,171.54,-0.00923783377492349
2008-03-01,10035.3,0.00535546066925363,101.5336,-0.00305048880108227,5.97,8689.6675,0.00528419599458907,170.051,-0.00871808350301606
2008-04-01,10070.3,0.0034816205788335,100.8785,-0.00647295579012575,5.9175,8700.5966,0.00125692184730575,168.333,-0.01015423165199
2008-05-01,10132.3,0.00613784311368981,100.2674,-0.00607620518403351,6.036,8699.6928,-0.000103883329757082,166.654,-0.0100243535413336
2008-06-01,10187.1,0.00539387313227024,100.0335,-0.00233548732249655,6.32,8694.6393,-0.000581051357778861,165.014,-0.00988948807993584
2008-07-01,10185.1,-0.000196346001553493,99.676,-0.00358020406505766,6.426,8694.809,1.95175829702521e-05,163.564,-0.00882596773142019
2008-08-01,10175.7,-0.000923342959788798,98.1111,-0.0158244158056107,6.4775,8683.7856,-0.00126861828958447,161.986,-0.00969443930968428
2008-09-01,10116.4,-0.00584465568445225,93.7895,-0.0450476005695624,6.0375,8817.7326,0.0153071995114775,160.307,-0.0104191849605426
2008-10-01,10034.1,-0.00816857721905428,94.7219,0.00989232060824641,6.2,9196.3938,0.0420466668111956,158.327,-0.0124282122178423
2008-11-01,9885.2,-0.0149506030339328,93.4715,-0.0132886530605933,6.0875,9104.3266,-0.0100616778691105,156.141,-0.0139030693861004
2008-12-01,9801.5,-0.00850325390533335,90.8357,-0.0286041968539079,5.286,9031.1332,-0.00807189872435288,153.618,-0.0162904438327569
2009-01-01,9847.2,0.00465171562560762,88.57,-0.025259180320143,5.0475,9039.3007,0.000903962860148155,151.506,-0.0138437732220495
2009-02-01,9824.5,-0.00230788493883516,88.031,-0.00610417464948121,5.13,9066.1456,0.00296539717685818,150.012,-0.00990993722917732
2009-03-01,9773.2,-0.00523532018263495,86.6528,-0.0157796956259579,5.0025,9034.935,-0.00344848262040109,148.658,-0.00906692520787367
2009-04-01,9772.5,-7.16270075056258e-05,85.9344,-0.00832511506307121,4.81,8996.4969,-0.00426346154177892,147.948,-0.00478750501413661
2009-05-01,9791.6,0.00195255657742344,85.0665,-0.0101509109300242,4.8575,9042.6648,0.00511864149449615,147.695,-0.00171152411360787
2009-06-01,9852.4,0.00619020506491985,84.7459,-0.00377593604375104,5.42,9027.1245,-0.00172003154805367,148.089,0.00266410781538884
2009-07-01,9886.3,0.00343488004078019,85.7027,0.0112269628491237,5.222,8966.0041,-0.00679377516215851,148.408,0.00215179325987513
2009-08-01,10004.1,0.0118450485989161,86.6426,0.0109072811177482,5.1925,8917.3645,-0.0054396597223505,148.276,-0.000889835708766995
2009-09-01,9927.8,-0.00765610631193958,87.4063,0.00877575096746508,5.0575,8837.7414,-0.00896909702697357,148.023,-0.00170773483195408
2009-10-01,9976.7,0.00491347166514444,87.6419,0.00269183164708053,4.952,8763.808,-0.00840083257830315,147.848,-0.00118294811189568
2009-11-01,9985.7,0.000901695248046508,88.0221,0.00432872522176186,4.875,8819.7077,0.00635821519138347,148.134,0.00193255055382746
2009-12-01,10052.6,0.00667723794573405,88.3793,0.00404986001487373,4.93,8780.0564,-0.00450589756337116,147.931,-0.00137132070195456
2010-01-01,10056.1,0.000348108036357431,89.3426,0.0108406384790483,5.03,8711.9026,-0.00779262573006889,147.396,-0.00362310649037045
2010-02-01,10093.4,0.00370232934878523,89.6779,0.0037459440910963,4.99,8649.2142,-0.00722173269993753,145.633,-0.0120330839115814
2010-03-01,10156,0.00618291894329026,90.2928,0.00683336112732569,4.9675,8700.6829,0.00593304394630678,145.858,0.00154378725028526
2010-04-01,10182.3,0.00258625496324072,90.5991,0.00338655620002992,5.098,9018.0635,0.0358281046138131,146.397,0.0036885638303108
2010-05-01,10210.8,0.0027950648557038,91.823,0.0134185316829223,4.8875,8967.1934,-0.0056568817379361,146.385,-8.19722524383337e-05
2010-06-01,10231.3,0.00200566545238523,91.9928,0.00184750220925256,4.7375,8931.1096,-0.00403209722027142,145.713,-0.00460120360687011
2010-07-01,10268.1,0.00359035284264486,92.3421,0.00378984574359897,4.564,8963.1207,0.00357781626932763,144.982,-0.0050293368708747
2010-08-01,10307.1,0.00379097619535784,92.6805,0.00365793559629779,4.4275,8990.5856,0.00305952664762366,143.908,-0.00743539027315254
2010-09-01,10327.1,0.00193852984493326,92.9537,0.00294342526586977,4.346,8985.5521,-0.000560020201842093,143.012,-0.0062456636875714
2010-10-01,10386.4,0.0057257500672101,92.6903,-0.00283769124509536,4.225,9002.4683,0.00188083008698214,142.523,-0.00342515262973286
2010-11-01,10433.6,0.00453410959289435,92.7709,0.000869184552611202,4.3,9015.3517,0.00143007336022372,142.162,-0.00253613779086237
2010-12-01,10471,0.00357816364852326,93.6787,0.00973782913477805,4.714,8979.5851,-0.00397519007669267,142.049,-0.000795183901780128
2011-01-01,10514.3,0.00412670406892168,93.4814,-0.00210835614092897,4.755,8948.935,-0.00341914778116781,141.511,-0.00379461592297847
2011-02-01,10540.6,0.00249823211495226,93.1102,-0.00397874812894106,4.9525,8913.6407,-0.00395176446260592,140.337,-0.00833077963874373
2011-03-01,10619.7,0.00747629933802507,94.0788,0.0103489910718046,4.836,8911.4057,-0.000250770737036277,139.971,-0.00261141464385073
2011-04-01,10652.1,0.00304628898877013,93.7749,-0.00323549938184442,4.84,8928.5632,0.00192349049330076,140.003,0.00022859265602726
2011-05-01,10672.2,0.00188517381135611,93.888,0.00120535293543256,4.6375,8926.0251,-0.000284307873632983,139.9,-0.000735969279708648
2011-06-01,10694.8,0.00211541240491009,94.172,0.00302031496218635,4.51,8926.7916,8.58688030405119e-05,139.856,-0.00031455983330364
2011-07-01,10731.6,0.00343501812573876,94.636,0.00491505586733876,4.545,8946.551,0.00221104787079618,139.726,-0.00092995979261179
2011-08-01,10750.3,0.00174100100302432,95.2749,0.00672844381604865,4.27,8987.7285,0.00459205203743274,139.303,-0.00303194523896977
2011-09-01,10783.2,0.00305570628090024,95.1961,-0.000827422594470661,4.106,9007.1374,0.00215716056282034,138.66,-0.00462652329220603
2011-10-01,10802.9,0.00182524916212401,95.8568,0.00691643658723429,4.0675,9044.671,0.00415843701152596,137.94,-0.00520608551119928
2011-11-01,10806.8,0.000360949022184087,95.8485,-8.65912419243386e-05,3.9925,9088.9016,0.00487832030591129,137.139,-0.00582379799209143
2011-12-01,10817.8,0.00101735994642915,96.3571,0.00529226190156162,3.958,9104.8961,0.00175823699748534,136.661,-0.00349160325507558
2012-01-01,10896.8,0.00727624257833348,96.9318,0.00594655661573817,3.915,9177.6832,0.00796249625087242,136.596,-0.000475742624898245
2012-02-01,10987.2,0.0082617907332807,97.2435,0.00321050378429177,3.89,9270.9207,0.0101078969813013,136.521,-0.000549215185325025
2012-03-01,10993.9,0.000609614642351985,96.74,-0.00519117482368436,3.954,9297.6424,0.00287816761077586,137.893,0.00999957314377653
2012-04-01,11018.5,0.00223510478104672,97.4359,0.00716775850578255,3.91,9335.2405,0.00403567727343379,139.143,0.0090241591912088
2012-05-01,11006.8,-0.00106241468679258,97.6609,0.00230654833654942,3.798,9365.522,0.0032385338797063,140.144,0.00716828413999337
2012-06-01,10989.8,-0.00154569373309066,97.6663,5.5291838529925e-05,3.675,9385.4635,0.00212698234106412,141.019,0.00622416765228007
2012-07-01,11016.8,0.00245381054298832,97.8713,0.00209678420014292,3.55,9431.4769,0.00489064542224149,141.66,0.00453518725246305
2012-08-01,11056,0.00355188659453631,97.4525,-0.00428827046970337,3.602,9467.9333,0.0038579452831069,142.27,0.0042968403375987
2012-09-01,11105.3,0.00444920481435318,97.381,-0.000733960055224081,3.4975,9499.6982,0.00334938283631736,142.898,0.00440442837354471
2012-10-01,11137.4,0.00288634224130568,97.7193,0.00346796328918586,3.3825,9515.3722,0.00164858748563468,143.589,0.00482396297213672
2012-11-01,11178.4,0.00367453070312784,98.0777,0.00366093862814143,3.352,9573.7886,0.00612039292503219,144.573,0.00682951828948486
2012-12-01,11181.2,0.00025045170885285,98.3101,0.00236674690059324,3.345,9623.705,0.0052003155757685,145.49,0.00632278542905595
2013-01-01,11252.4,0.00634764273848809,98.3342,0.000245112623357358,3.414,9652.0506,0.002941064518593,146.815,0.00906593506962583
2013-02-01,11290.5,0.00338022492911705,98.7941,0.00466600517933191,3.5325,9665.0619,0.00134712700645068,147.772,0.00649725457395878
2013-03-01,11290.1,-3.5428642290114e-05,99.1921,0.00402048765132612,3.565,9668.9712,0.000404395713305306,149.952,0.0146446975144485
2013-04-01,11281.1,-0.000797476472405023,99.1065,-0.000863344525043885,3.445,9727.0209,0.0059857596377686,151.51,0.0103363864864132
2013-05-01,11321.6,0.00358364649740928,99.1839,0.000780673234115348,3.536,9725.0347,-0.000204214921831536,152.841,0.00874653597539687
2013-06-01,11344.4,0.00201182455573523,99.3897,0.00207278383112186,4.07,9734.3795,0.000960440085430392,154.192,0.00880041376179097
2013-07-01,11372.6,0.00248272346570388,99.0814,-0.00310675204574995,4.37,9725.28,-0.000935216843153341,155.597,0.00907075224383824
2013-08-01,11406.6,0.00298518167878647,99.6543,0.00576546223913077,4.456,9715.852,-0.000969902445916659,156.952,0.00867069476575733
2013-09-01,11445.9,0.00343945202867779,100.161,0.00507169457108247,4.49,9727.337,0.00118139070044343,158.214,0.00800852087474446
2013-10-01,11498,0.00454151992892271,100.082,-0.000789041355739428,4.192,9757.2196,0.00306731367230562,159.233,0.00641999136830762
2013-11-01,11562.5,0.00559399563744378,100.3158,0.00233336000772777,4.255,9791.1637,0.00347283287773692,160.071,0.00524892844433289
2013-12-01,11593.2,0.00265161649078394,100.5175,0.00200863171411303,4.4575,9824.6753,0.00341679319477706,160.99,0.00572478444829017
2014-01-01,11578.8,-0.00124287949712532,100.1599,-0.00356393274487488,4.432,9858.1428,0.00340068501200363,161.921,0.00576631071515532
2014-02-01,11636.9,0.00500524397675939,100.9168,0.00752850603761601,4.3025,9937.8674,0.00805465649105486,162.517,0.0036740497132417
2014-03-01,11722.3,0.00731192682001769,101.8942,0.0096386050748114,4.3425,10012.8485,0.00751666791441075,163.073,0.00341534162878343
2014-04-01,11762.3,0.00340649094986567,101.9928,0.00096720249634874,4.3375,10057.0424,0.00440400714180278,163.375,0.00185021863300339
2014-05-01,11807.3,0.0038184826792147,102.3836,0.00382432097151586,4.192,10114.5622,0.00570306200649462,163.641,0.00162683207345093
2014-06-01,11861.7,0.00459673799394267,102.735,0.00342631378895231,4.1625,10181.2365,0.00657027997156057,164.05,0.00249625538927312
2014-07-01,11904.4,0.00359335742473199,102.9632,0.00221878551799914,4.13,10249.005,0.00663416030129227,164.574,0.00318905767134403
2014-08-01,11983.7,0.00663931340695179,102.7688,-0.00188983782647423,4.115,10301.3518,0.00509450164068426,165.198,0.00378443739760836
2014-09-01,11991.4,0.000642333109329485,103.0641,0.00286931975014948,4.1625,10355.2989,0.00522323037096051,165.89,0.00418016362812068
2014-10-01,12064.7,0.00609410726194426,103.0764,0.000119336084026145,4.036,10383.1153,0.00268259823659456,166.627,0.00443286332340431
2014-11-01,12083.9,0.00159015462972967,103.7126,0.00615315135018957,3.9975,10441.9738,0.00565266793731922,167.321,0.00415634170038892
2014-12-01,12096.1,0.00100909851408204,103.7044,-7.90677717281696e-05,3.864,10536.5281,0.00901446068399103,168.036,0.00426411903366386
2015-01-01,12066.7,-0.00243349400803261,102.8905,-0.00787922848747691,3.67,10621.8036,0.00806074533136858,168.613,0.00342790600895881
2015-02-01,12116.6,0.00412682064226999,102.2335,-0.00640590322631507,3.71,10706.3743,0.00793046116106311,169.106,0.00291958906780021
2015-03-01,12176.1,0.00489860073038884,101.8914,-0.00335187250837521,3.77,10798.9425,0.00860891960559584,169.778,0.00396596405151328
2015-04-01,12209.1,0.00270656136878422,101.3355,-0.00547074611149601,3.672,10863.0662,0.00592040084451284,170.281,0.00295831233308608
2015-05-01,12275.4,0.00541568437551732,100.8883,-0.00442282984484343,3.84,10929.5011,0.00609704261908739,170.863,0.00341205218114204
2015-06-01,12307.9,0.00264407292221058,100.571,-0.00315001851362062,3.9825,10985.7649,0.00513467859489936,171.46,0.00348793744646869
2015-07-01,12364.9,0.00462048096745882,101.2228,0.00646008219060779,4.046,11010.317,0.00223240759951615,172.134,0.00392324001296007
2015-08-01,12396.2,0.00252816043482795,101.0367,-0.00184021074428653,3.905,11075.6342,0.00591483607265175,172.911,0.0045037679919071
2015-09-01,12386.4,-0.000790877511706256,100.7547,-0.00279496731355522,3.89,11114.3474,0.00348925384214027,173.803,0.00514546264663451
2015-10-01,12394.9,0.00068600116485662,100.2675,-0.00484723531952813,3.796,11176.021,0.00553366873721473,174.767,0.00553118431142519
2015-11-01,12423.2,0.00228059458749463,99.5298,-0.00738451773168602,3.9425,11259.406,0.00743336723232169,175.712,0.00539263288292524
2015-12-01,12452,0.00231556030652058,99.0417,-0.0049161232406858,3.964,11339.9316,0.00712639832368112,176.516,0.00456523272635856
2016-01-01,12478,0.00208584110923304,99.5607,0.00522653483991409,3.8725,11403.206,0.00556427739804199,177.245,0.00412143244683172
2016-02-01,12554.5,0.00611207335691866,99.0445,-0.00519826431929982,3.66,11474.5704,0.00623877340387224,177.626,0.00214725996990683
2016-03-01,12537,-0.00139489491162514,98.3096,-0.00744756148301651,3.694,11560.6089,0.0074702175301411,178.144,0.00291199576153822
2016-04-01,12611.5,0.00592482398030469,98.6421,0.00337646555870652,3.605,11635.8053,0.00648347307138408,178.745,0.00336799715382341
2016-05-01,12652.7,0.00326153501970694,98.4184,-0.00227036971985672,3.6,11714.4588,0.00673686577071564,179.405,0.00368561076143958
2016-06-01,12731.2,0.00618504250723362,98.8833,0.00471258849156975,3.568,11781.2887,0.00568869581398701,180.071,0.00370539764553524
2016-07-01,12756.7,0.00200095013775758,98.9992,0.00117140235496294,3.44,11861.406,0.00677736676663798,180.84,0.0042614448645093
2016-08-01,12788.1,0.00245842721922074,98.85,-0.00150821967723314,3.435,11905.1639,0.00368231087854731,181.825,0.00543202361419937
2016-09-01,12846.6,0.00456413389293786,98.7457,-0.00105569108727277,3.46,11986.2912,0.0067913495830112,182.799,0.0053425025049636
2016-10-01,12867,0.0015867093118036,98.7611,0.000155943998193742,3.47,12060.3155,0.00615675506748303,183.724,0.00504744293715031
2016-11-01,12893,0.00201863422584658,98.3491,-0.00418040872570646,3.77,12078.9178,0.00154125058167587,184.732,0.00547149464103214
2016-12-01,13005.9,0.00871857222966632,99.0214,0.00681259458935557,4.198,12073.4025,-0.000456709751059492,185.697,0.00521018701556208
2017-01-01,13063.7,0.00443429087594538,98.7611,-0.00263218586364911,4.15,12108.5114,0.00290373415553979,186.778,0.00580443270037101
2017-02-01,13088.4,0.00188895020624891,98.3646,-0.00402281929464987,4.1675,12150.5136,0.00346281369271573,187.295,0.0027641681125532
2017-03-01,13139.9,0.0039270609368689,99.0137,0.00657724116591663,4.196,12166.4052,0.0013070407803788,187.973,0.00361342154252409
2017-04-01,13169.2,0.00222736711734761,100.0224,0.0101359365050238,4.045,12197.8619,0.00258220100360163,188.703,0.00387601500456025
2017-05-01,13171.9,0.000205002828996825,100.1408,0.00118303478170922,4.01,12242.0155,0.00361324627900395,189.59,0.00468949531462659
2017-06-01,13225.2,0.00403832787958613,100.3471,0.00205798028521009,3.904,12248.8674,0.00055954701239358,190.479,0.00467810645587718
2017-07-01,13263.3,0.00287672206993861,100.1068,-0.00239755988892831,3.9675,12292.7498,0.00357616585817411,191.437,0.00501682050127972
2017-08-01,13294.6,0.00235711517039228,99.6925,-0.00414716762066014,3.88,12325.363,0.00264953039607185,192.622,0.00617094644549354
2017-09-01,13417.3,0.00918698130759665,99.7954,0.0010316416096039,3.805,12377.0571,0.00418535311535884,193.717,0.00566861192967583
2017-10-01,13447.5,0.00224829611397226,101.0247,0.0122429513273667,3.895,12446.2265,0.00557295965640492,194.765,0.00539537246140576
2017-11-01,13540.6,0.00689936448330286,101.2664,0.00238962678056787,3.922,12489.6463,0.00348252048211783,195.917,0.00589739654660004
2017-12-01,13666.1,0.00922573411336991,101.4644,0.00195332986359897,3.95,12548.9283,0.00473526242758915,197.14,0.00622303608301333
2018-01-01,13703.3,0.00271836597861075,101.4625,-1.87259550115115e-05,4.0325,12570.6448,0.00172905051561756,198.285,0.00579125346217957
2018-02-01,13738.7,0.0025799883125277,101.7085,0.00242160662905277,4.33,12579.6921,0.000719457590269812,199.212,0.0046641946004673
2018-03-01,13793.2,0.00395904904393696,102.2067,0.00488635463438403,4.444,12593.5448,0.00110058960262727,199.948,0.00368774844223729
2018-04-01,13838.4,0.00327161947310195,103.3329,0.0109585819031714,4.4675,12654.4669,0.00482590225005275,200.636,0.00343498829950306
2018-05-01,13905,0.00480115111581725,102.4024,-0.009045665423149,4.586,12685.1458,0.00242141940787377,201.395,0.0037758327181221
2018-06-01,13930.4,0.00182501469710772,103.198,0.00773932318395598,4.57,12760.6878,0.00593749240964314,202.185,0.0039149660985407
2018-07-01,13974.8,0.00318220528559543,103.3646,0.00161307067324312,4.5275,12802.2234,0.00324967968067469,202.875,0.00340690597641213
2018-08-01,14014,0.00280112227971152,104.0327,0.00644272910976706,4.55,12820.3547,0.00141525985055857,203.639,0.00375879256072764
2018-09-01,14017.8,0.000271120657487245,104.1004,0.000650545274995196,4.6275,12863.3558,0.00334851462987196,204.298,0.00323089385496811
2018-10-01,14083.1,0.00464754634465514,103.9856,-0.00110339005648719,4.83,12907.8859,0.00345580122489331,205.065,0.00374728980161443
2018-11-01,14162.9,0.00565037260585655,104.0681,0.000793064524438059,4.866,12955.2552,0.0036630781067295,205.639,0.0027952022562685
2018-12-01,14051.6,-0.00788960125674976,104.0936,0.000245001843542703,4.6375,13077.6305,0.00940166240637197,206.13,0.0023848334027603
2019-01-01,14084.6,0.00234573361944967,103.4021,-0.00666522303835837,4.464,13180.5163,0.00783652611214158,206.519,0.00188538014259176
2019-02-01,14117.4,0.002326077213608,102.8371,-0.00547908849006618,4.37,13229.3657,0.00369933161449865,206.837,0.00153862560473428
2019-03-01,14248.6,0.00925057714155919,102.8757,0.000375280492541208,4.265,13274.4761,0.00340406827816153,207.056,0.00105824462089465
2019-04-01,14290,0.00290133566756801,102.274,-0.00586597714116177,4.1425,13331.4291,0.0042812365572793,207.508,0.00218060506511097
2019-05-01,14353.3,0.00441988898271539,102.392,0.00115309834632704,4.072,13402.4957,0.00531659813740326,208.116,0.00292572341202391
2019-06-01,14408.7,0.00385230988892715,102.4375,0.000444271950557962,3.8025,13470.8257,0.00508535184308556,208.571,0.0021838942939878
2019-07-01,14496,0.00604055848720542,101.9408,-0.00486060386936593,3.765,13525.5244,0.00405230889723462,209.188,0.0029538583184312
2019-08-01,14558.2,0.0042816594519195,102.639,0.0068257248349024,3.616,13612.3388,0.00639804950786882,210.012,0.00393130277315201
2019-09-01,14590.6,0.00222307699415403,102.2917,-0.00338944172338174,3.605,13718.969,0.00780282756953099,210.819,0.00383527349079227
2019-10-01,14617.4,0.00183511418248905,101.4281,-0.00847836266428104,3.688,13761.8198,0.00311860296596933,211.723,0.00427887111462422
2019-11-01,14711,0.00638291333888752,101.9372,0.00500676431521274,3.695,13823.9606,0.00450528527436944,212.765,0.00490945370856188
2019-12-01,14774.8,0.00432751355345218,101.7003,-0.00232668449446383,3.72,13864.4529,0.00292485727771385,213.928,0.00545123955619431
2020-01-01,14868.3,0.00630840297246493,101.0338,-0.00657513858004588,3.624,13882.1954,0.00127889338030407,215.012,0.00505433071141681
2020-02-01,14828.1,-0.00270740053040441,101.3735,0.00335660145600958,3.465,13953.6116,0.00513125821700555,215.863,0.00395010667380014
2020-03-01,13812.8,-0.070928330764465,97.4078,-0.0399054262010248,3.45,14415.6756,0.032577827021175,216.414,0.00254929269152626
2020-04-01,12249.2,-0.120135069763373,84.5619,-0.141422479015456,3.306,14777.7723,0.0248079823706782,216.815,0.0018512154750443
2020-05-01,13281.5,0.0809114607411932,85.9604,0.0164029145284585,3.2325,14863.3633,0.0057751659075862,216.941,0.000580971806932951
2020-06-01,14049.2,0.0561933651799187,91.5934,0.0634724915918268,3.1625,14858.8431,-0.000304163154915216,217.486,0.00250905347003627
2020-07-01,14307.2,0.0181974524006634,95.0256,0.0367871123008001,3.016,14910.3478,0.00346027216956557,219.201,0.00785463646630014
2020-08-01,14462.2,0.0107754419454835,95.9549,0.00973196043125135,2.935,14931.6857,0.00143005694544485,222.262,0.0138677490800241
2020-09-01,14668.1,0.0141367187448722,95.9669,0.000125050932365589,2.89,14970.9998,0.00262947103208155,225.715,0.0154162753303799
2020-10-01,14725.8,0.0039259896858006,96.7394,0.00801742483730639,2.834,14978.5525,0.000504361473216974,229.665,0.0173485839075145
2020-11-01,14701.6,-0.00164472603460197,97.0816,0.00353109679099894,2.765,15024.7183,0.00307738691167714,233.231,0.0154076533209775
2020-12-01,14822,0.00815623213008898,98.363,0.0131128551110438,2.684,15043.363,0.0012401657560801,236.559,0.0141682695317851
2021-01-01,15073,0.0167925002992249,98.8822,0.00526452556660395,2.735,15101.2874,0.00384310121523157,239.663,0.0130361216315489
2021-02-01,14983.5,-0.00595546817021564,95.6149,-0.0336005769994232,2.81,15227.5996,0.00832954604026703,242.382,0.011281224102718
2021-03-01,15709.7,0.0473287603098971,98.3856,0.0285657862324502,3.0825,15343.5005,0.00758241966511264,245.473,0.0126719675407729
2021-04-01,15917.5,0.0131407769409702,98.5587,0.00175785787732075,3.06,15418.8775,0.00490060624403377,249.037,0.014414518250196
2021-05-01,15973.5,0.0035119662323666,99.4333,0.00883475785639298,2.9625,15555.0406,0.00879217002525401,253.266,0.016838840007134
2021-06-01,16191.7,0.0135676661240218,99.7987,0.00366808956092424,2.975,15597.3073,0.00271354994307771,258.067,0.0187789213202061
2021-07-01,16239.7,0.0029600963910692,100.2519,0.0045308614450601,2.868,15667.9089,0.00451631100541761,262.447,0.0168299157537559
2021-08-01,16412.9,0.0106087493433655,100.0437,-0.00207892809413401,2.8425,15762.5385,0.00602154240609565,266.586,0.015647736353201
2021-09-01,16489.6,0.00466226815190041,98.8579,-0.0119236250388361,2.9,15880.8865,0.00748013540386161,270.174,0.0133693026402053
2021-10-01,16704.2,0.0129303056568588,100.1861,0.0133459909804463,3.0675,16060.8148,0.0112661627784956,273.639,0.0127435235719648
2021-11-01,16849.8,0.0086786024830996,100.8654,0.00675749830216343,3.0675,16218.253,0.00975489437499988,277.357,0.0134957656009709
2021-12-01,16891,0.00244214840648205,100.5726,-0.00290710001300631,3.098,16404.4727,0.0114166869056813,281.606,0.0152034458244774
2022-01-01,16993.8,0.00606763595428994,100.1856,-0.00385538901389459,3.445,16572.7715,0.010207054303649,286.186,0.0161330182094304
2022-02-01,17106,0.00658070750609241,100.8064,0.00617737993695133,3.7625,16668.7759,0.00577618519206524,291.164,0.0172447332220216
2022-03-01,17347.2,0.0140018309252916,101.3907,0.00577952528935999,4.172,16809.0441,0.00837981808956378,296.376,0.0177422361770967
2022-04-01,17490,0.00819817894662833,101.44,0.000486119714331323,4.9825,16913.0372,0.00616767563868237,300.357,0.0133428486837888
2022-05-01,17574.5,0.00481969875938937,101.3335,-0.00105043321531362,5.23,17030.5408,0.00692349341458431,303.287,0.00970778475556955
2022-06-01,17755.2,0.0102294429742624,101.018,-0.00311833868946998,5.522,17148.1186,0.00688021507468406,304.083,0.00262113853411972
2022-07-01,17770.1,0.00083883884857805,101.223,0.00202728497397242,5.4125,17253.4889,0.00612591312876454,303.182,-0.00296740520578531
2022-08-01,17916.5,0.00820480635807463,101.0963,-0.00125247582966992,5.2225,17325.138,0.00414413231317567,300.981,-0.00728614541837214
2022-09-01,17992.8,0.0042496019040108,101.2918,0.00193193236960543,6.112,17346.4543,0.00122961198328042,299.051,-0.00643301242555516
2022-10-01,18109.6,0.00647050653195436,101.2529,-0.000384112746256271,6.9,17361.7135,0.000879285882854575,298.822,-0.00076604901441879
2022-11-01,18108,-8.83548330676831e-05,100.9552,-0.00294449347072856,6.805,17405.1812,0.00250052373236009,298.55,-0.000910655399976257
2022-12-01,18116.5,0.000469295651065238,99.7664,-0.0118454007975251,6.364,17512.1862,0.00612906086232989,297.901,-0.00217620644824734
2023-01-01,18449.1,0.0181924635841479,100.505,0.0073760242218297,6.2725,17552.0898,0.00227602687282413,297.53,-0.00124615630697988
2023-02-01,18491.6,0.00230098610754403,100.6416,0.00135821357158683,6.2575,17584.4786,0.00184359547039215,297.807,0.000930565444408948
2023-03-01,18520.4,0.00155625234046219,101.0205,0.00375777546565903,6.544,17470.707,-0.00649102251307454,298.845,0.00347941864671331
2023-04-01,18641.8,0.0065335438618721,101.253,0.00229886863472384,6.3425,17341.9757,-0.00739568897165555,300.178,0.00445058770801143
2023-05-01,18664.6,0.00122231053324207,100.9286,-0.0032089990224673,6.425,17319.6185,-0.00129002739871176,302.077,0.00630631972684625
2023-06-01,18773,0.00579098569017944,100.1196,-0.00804786480502262,6.714,17265.7626,-0.0031143761796244,304.076,0.00659571839767459
2023-07-01,18884.2,0.0059059262622192,100.9067,0.00783085618377655,6.84,17262.7135,-0.000176613644869761,306.321,0.0073559015622191
2023-08-01,18953.3,0.00365246524316021,100.8393,-0.000668166927796143,7.072,17265.7983,0.000178681318560692,309.017,0.00876271984199306
2023-09-01,19048.1,0.00498930021817934,101.0211,0.00180124530768744,7.2,17273.5783,0.000450500321512948,311.239,0.00716481422329363
2023-10-01,19109.4,0.0032130015192422,100.4689,-0.00548117904107315,7.62,17272.1304,-8.38251728119133e-05,313.338,0.00672137431311803
2023-11-01,19178.9,0.00363035581789539,100.8639,0.00392385648842364,7.442,17273.9925,0.000107803703889076,314.231,0.00284590412436891
2023-12-01,19283.5,0.00543909157365441,100.6031,-0.00258901106065057,6.815,17349.3419,0.00435252815827525,315.091,0.00273310176774011
2024-01-01,19303.3,0.00102625777404697,99.2223,-0.0138202848856546,6.6425,17424.5367,0.00432479322008028,316.115,0.0032445854390879
2024-02-01,19446.5,0.00739103953502429,100.285,0.0106533450234574,6.776,17464.052,0.00226522873921375,317.342,0.00387398524143912
2024-03-01,19581.8,0.00693345813273183,100.4575,0.00171862004766066,6.82,17568.8857,0.00598488278749798,318.352,0.00317763216220346
2024-04-01,19665.7,0.00427543806883257,100.2434,-0.00213352387770893,6.9925,17532.1471,-0.00209330669127716,319.254,0.00282933536296603
2024-05-01,19758,0.00468247113507125,100.863,0.0061619317981485,7.06,17570.3575,0.00217707628144659,319.983,0.00228084518273164
2024-06-01,19844.5,0.00436841803204935,100.894,0.000307300368700858,6.9175,17649.4067,0.00448891890873782,320.607,0.00194820461563872
2024-07-01,19949.5,0.00527718971082436,99.9757,-0.00914330431600341,6.8475,17712.4595,0.00356615040992558,321.367,0.00236769824025984
2024-08-01,20001.3,0.00259319107642675,100.4309,0.00454277237198397,6.5,17784.8679,0.00407965927193388,322.262,0.00278110705660861
2024-09-01,20147.6,0.0072879031575912,99.8084,-0.00621758071865575,6.18,17847.6124,0.00352176241016089,323.427,0.00360855230361601
2024-10-01,20226,0.00388373088080485,99.4695,-0.00340128360164549,6.428,17920.6305,0.00408285090416172,324.634,0.00372496229715491
2024-11-01,20313.6,0.00432170698986489,99.2925,-0.00178102501270594,6.805,17933.7447,0.000731525818629564,326.075,0.00442902236047882
2024-12-01,20514.3,0.00983159146755419,100.3273,0.010367801884561,6.715,17962.5666,0.00160584222444449,327.837,0.00538911738710279
2025-01-01,20462.2,-0.00254292231279862,100.0647,-0.00262086460851751,6.958,17992.9861,0.00169206172473935,329.329,0.00454071745500606
2025-02-01,20519.8,0.00281099204177693,101.0993,0.0102862253908436,6.8425,18065.0201,0.00399545640031818,329.943,0.00186266117026967
2025-03-01,20683,0.00792183315081019,101.0404,-0.000582765302085342,6.65,18164.5203,0.00549278014938359,329.198,-0.00226051881840839
2025-04-01,20746.4,0.00306063083179531,101.2408,0.00198140079813047,NA,18309.1322,0.00792970529991699,328.206,-0.00301793342578272
