"date","MonetaryShock_RR","Inflation_CPI","baa_aaa_creditconditions","t_bill_inflationexpectations","Consumption_PCE_logdiff","Output_IP_logdiff","assetprice_sp500_logdiff","RNUSBIS_logdiff","Investment_m.x","NETEXP_m","Investment_m.y","Investment_logdiff"
1969-02-01,0,35.8,0.64,6.12,0.00887226430760535,0.00637970688259992,-0.00491401480242892,0.00382775586976436,NA,0.404860818924189,639.489722222222,-0.00203124083320372
1969-03-01,-0.245,36.1,0.66,6.02,0.000339673916308847,0.00780939095276434,-0.0219132274307148,0.00407261946732973,NA,0.65172026451245,638.315277777778,-0.00183822222507235
1969-04-01,0.405,36.3,0.65,6.11,0.00845456507128972,-0.00368585580503966,0.0199408402035104,-0.00129797102114981,NA,1.104,637.015,-0.00203912390536587
1969-05-01,0.204,36.4,0.73,6.04,0.0107185752359831,-0.00378532640206508,0.0320571403761853,0.0022487468393475,NA,1.14434992863529,641.278626373626,0.00667083383129441
1969-06-01,-0.02,36.6,0.72,6.44,0.000999001082084838,0.00971998525506601,-0.0536105590383951,0.00353585811014234,NA,1.18759477847893,645.684373626374,0.00684676166111853
1969-07-01,0.181,36.8,0.76,7,0.00299102914911575,0.00526691572436144,-0.0457134013544174,-8.60918600675831e-05,NA,1.231,649.948,0.0065815610214921
1969-08-01,0.309,36.9,0.890000000000001,6.98,0.011875448813413,0.00229590076701269,-0.00561174642260198,0.00206416173746682,NA,1.68930294940919,639.373293478261,-0.0164038920338916
1969-09-01,0.029,37.1,0.910000000000001,7.09,0.00539613769524827,-0.000225005817861224,0.00349780419155632,-0.00171983875911419,NA,2.31823270096066,628.798586956522,-0.0166774737496986
1969-10-01,0.088,37.3,0.890000000000001,7,0.0086060448348837,0.000291475121849682,0.0106300006373274,-0.00812310031801289,NA,3.149,618.565,-0.0164087146284029
1969-11-01,-0.005,37.5,0.9,7.24,0.00322841281211872,-0.00947024691513487,0.00719765272888129,0.0068312773764454,NA,3.26754513558452,612.348489130435,-0.0101007321433313
1969-12-01,0.065,37.7,0.930000000000001,7.82,0.00369983531518159,-0.00268759012726116,-0.0544657346474064,-8.61808937493436e-05,NA,3.38651358767551,606.332510869565,-0.00987301373990768
1970-01-01,-0.16,37.9,0.949999999999999,7.87,0.00942875542917232,-0.0186911565231753,-0.00881937146305933,-0.00726583942103876,NA,3.514,600.116,-0.010305563531281
1970-02-01,-0.36,38.1,0.85,7.13,0.00839475904821008,-0.000659347059330795,-0.0355026861862884,0.00199471034440535,NA,4.02372215435832,600.5655,0.000748741478901138
1970-03-01,-0.14,38.3,0.790000000000001,6.63,-0.00268498937265793,-0.00129886605094409,0.016950522443798,-0.000693361095553513,NA,4.54738108101749,600.9715,0.000675801103839468
1970-04-01,-0.145,38.5,0.869999999999999,6.51,0.00583459827555455,-0.00257367038013312,-0.0309303006913586,0.00129965793972886,NA,5.207,601.421,0.000747676022497146
1970-05-01,0.3,38.6,0.870000000000001,6.84,0.0100125992924296,-0.00116601709765662,-0.122243229328745,0.00285331567064784,NA,4.8078057271152,604.647483516484,0.00535042786979822
1970-06-01,-0.18,38.8,0.77,6.68,0.00605262963629816,-0.00324017674185173,-0.00619850319602833,-0.00146887312019572,NA,4.42742847947233,607.981516483516,0.0054988646454941
1970-07-01,-0.243,38.9,0.960000000000001,6.45,0.00339821148764852,0.00245234590169341,0.001718327037036,-0.000605457787815844,NA,4.088,611.208,0.00529284578835654
1970-08-01,-0.483,39,1.31,6.41,0.00676197443608917,-0.00178486103160891,0.0286403329931577,-0.00642307563676869,NA,3.67700226078843,600.273423913043,-0.018052068836683
1970-09-01,-0.272,39.2,1.3,6.12,0.00945128986608612,-0.00691713829256546,0.0580848611236648,-0.00287769982761521,NA,3.30732525094012,589.338847826087,-0.01838394627854
1970-10-01,-0.009,39.4,1.3,5.91,-0.00121451358484315,-0.0202070230925049,0.0214443677195915,-8.73324309536017e-05,NA,2.985,578.757,-0.0181186112969662
1970-11-01,-0.346,39.6,1.33,5.28,-0.0025857494063386,-0.00607416601419519,-0.00106729924154703,0.00392242821489575,NA,3.44565516269588,601.493141304348,0.038532432337238
1970-12-01,-0.229,39.8,1.48,4.87,0.0136138844395068,0.0227038570785281,0.066220482685976,0.00147781136992187,NA,3.95902937348116,623.495858695652,0.0359269903732748
1971-01-01,-0.682,39.9,1.38,4.44,0.0156521045896332,0.0076645748526869,0.0374894070812593,-0.012235775796313,NA,4.57,646.232,0.0358164493664619
1971-02-01,-0.025,39.9,1.31,3.7,0.00486906162985168,-0.00190797229813144,0.0379898779030388,-0.00211267684214889,NA,2.75099668378068,652.548077777778,0.00972624646381082
1971-03-01,-0.065,40,1.25,3.38,0.00381960211697852,-0.00108503069308785,0.0253178079842895,-0.00114623298711258,NA,1.73938409655305,658.252922222222,0.00870441884659456
1971-04-01,0.461,40.1,1.2,3.86,0.00992129527005847,0.00559956666706096,0.0335668236390836,-0.003623672708847,NA,1.04705467865171,664.569,0.00954947248726956
1971-05-01,0.003,40.3,1.09,4.14,0.0033335779838275,0.00506320795118365,-0.0136854530852544,0.000973494479287851,NA,0.640698561561145,667.227131868132,0.00399180525336273
1971-06-01,0.343,40.5,1.11,4.75,0.0125100488362389,0.00418447657226606,-0.018677276489024,0.00634866782764654,NA,0.385680441610014,669.973868131868,0.00410819334841772
1971-07-01,-0.117,40.6,1.12,5.4,-0.00128690945050369,-0.00290747732012564,-0.00724640852076774,0.00289639031640476,NA,0.236,672.632,0.00395966590685326
1971-08-01,0,40.7,1.17,4.94,0.00854827829674676,-0.00581917725358183,-0.0179377006866677,-0.0100414831230982,NA,0.264345016110981,666.528706521739,-0.00911516550147962
1971-09-01,0,40.8,1.15,4.69,0.0114254716344657,0.0161207286698097,0.0219699642146063,-0.0233766410421863,NA,0.296094438740318,660.425413043478,-0.0091990166465763
1971-10-01,-0.322,40.9,1.09,4.46,0.00391937791762942,0.00745661598567882,-0.0214559046751921,-0.00974373688026553,NA,0.330445901956147,654.519,-0.00898357787259041
1971-11-01,-0.342,41,1.12,4.22,0.0070996330786075,0.00423498413801493,-0.0474651096637384,-0.00183183784509211,NA,0.370134437611888,669.051597826087,0.0219605692271232
1971-12-01,-0.92,41.1,1.13,4.01,0.0103499164429204,0.0114798309973212,0.0666044498744363,-0.0136609102497038,NA,0.413075668026849,683.115402173913,0.0208026249999929
1972-01-01,-0.234,41.2,1.04,3.38,0.00424687260672574,0.0236678164583237,0.0408018269275585,-0.014981553615617,NA,0.462688534405135,697.648,0.0210508686176532
1972-02-01,-0.086,41.4,0.960000000000001,3.2,0.00640460048474178,0.0100830507762293,0.0182259241780169,-0.0116716227471931,NA,0.518260203735982,711.147648351648,0.0191653936190139
1972-03-01,0.252,41.4,1,3.73,0.0175041496250126,0.00694489121334696,0.0234862838587331,-0.00814609900252972,NA,0.576273935578626,723.776351648352,0.0176023669150887
1972-04-01,-0.104,41.5,0.94,3.71,0.00439502605309716,0.00987235578547407,0.0101617502594999,-0.0016372132515361,NA,0.645487893156232,737.276,0.0184798751642719
1972-05-01,-0.115,41.6,0.930000000000001,3.69,0.0072823890193412,9.473526964765e-05,-0.0101617502594999,-0.00221932835821725,NA,0.720374316934917,740.727318681319,0.00467025332193671
1972-06-01,-0.05,41.7,0.969999999999999,3.91,0.00473809783478352,0.00263199221403942,0.00278164296187722,-0.00280532227509234,NA,0.806895594983466,744.293681318681,0.0048031233143373
1972-07-01,0,41.8,1.02,3.98,0.0108391528068488,-0.000942839519313399,-0.00743497848751851,0.00406033040429055,NA,0.900507769761253,747.745,0.00462632085910286
1972-08-01,0,41.9,0.999999999999999,4.02,0.00827840712763095,0.0136339639418774,0.0348339526756325,-0.00745657839248004,NA,1.00866415637967,749.324989130435,0.00211077602052878
1972-09-01,0,42.1,0.87,4.66,0.00616413920461678,0.00771564271716674,-0.0145193113244533,-0.00233554018192805,NA,1.12981077402014,750.90497826087,0.00210633002796801
1972-10-01,0,42.2,0.85,4.74,0.0175131379628155,0.0127715355567317,0.00182648452603473,0.00621602623100603,NA,1.26088602625964,752.434,0.0020341683259435
1972-11-01,0.036,42.4,0.87,4.78,0.00702021185770185,0.0117700768656777,0.0489639412139216,0.0045404125724211,NA,1.41232600392253,767.292434782609,0.0195547144696908
1972-12-01,-0.027,42.5,0.85,5.07,0.00697127185278656,0.0111980828644929,0.0206370178563766,-0.00163989811506227,NA,1.57617732439618,781.671565217391,0.0185666593902809
1973-01-01,0.279,42.7,0.75,5.41,0.0128191081209641,0.00722504283983572,0.00763038886569145,-0.00396614788346117,NA,1.76548567886132,796.53,0.0188301344289643
1973-02-01,0.225,43,0.75,5.6,0.0113257010414705,0.0142684436211979,-0.036117425227995,-0.0417634410637095,NA,1.97753110263687,808.224922222222,0.0145755954462876
1973-03-01,0.064,43.4,0.739999999999999,6.09,0.0084409038487685,0.000428060611849634,-0.0158873597623188,-0.0307874495948663,NA,2.19086407801558,818.788077777778,0.0129849042070163
1973-04-01,-0.063,43.7,0.83,6.26,0.00347617970663183,-0.00137672196045946,-0.0188600112001343,0.000208420175828117,NA,2.454,830.483,0.0141821661696815
1973-05-01,0.317,43.9,0.77,6.36,0.00703514497605529,0.00654824947356536,-0.0285076776227555,-0.0105798923281242,NA,3.37243387695415,820.555637362637,-0.0120257419207714
1973-06-01,0.409,44.2,0.760000000000001,7.19,0.00320303969200797,0.00128760067422196,-0.0226424767497599,-0.0154943140067711,NA,4.68397560229311,810.297362637363,-0.012580422662837
1973-07-01,0.115,44.2,0.79,8.01,0.0115404012766476,0.00369763408556834,0.00949674753725738,-0.0231536903869412,NA,6.437,800.37,-0.012327173915839
1973-08-01,0.318,45,0.85,8.67,-0.000937097409562604,-0.00139611662603167,-0.0190845486924109,0.0200472661653652,NA,7.19362846400415,809.976293478261,0.011930859179631
1973-09-01,-0.571,45.2,1,8.29,0.0184620628397356,0.00792020263735616,0.017192400540373,-0.00970253407100508,NA,8.03919379806288,819.582586956522,0.0117901904289779
1973-10-01,-0.848,45.6,0.81,7.22,-0.00115114551678097,0.00803504519936427,0.0390021578032691,-0.00663009873964082,NA,8.952,828.879,0.0112790151391371
1973-11-01,-0.095,45.9,0.75,7.83,0.00997085791981611,0.00454957655448363,-0.0736877157911593,0.0221092855881002,NA,7.9923545223414,812.929163043478,-0.0194302100715964
1973-12-01,-0.165,46.3,0.800000000000001,7.45,-0.000342172800600338,-0.00282414657090113,-0.0734143967448286,0.00308855882134917,NA,7.16173035617938,797.493836956522,-0.0191698687489836
1974-01-01,-0.206,46.8,0.65,7.77,0.00897172561513049,-0.00666699059041598,0.0139349522957506,0.013729226104811,NA,6.394,781.544,-0.0202026564149351
1974-02-01,0.201,47.3,0.68,7.12,0.00586181365088212,-0.00304059937327583,-0.0280668349336208,-0.0305651821871331,NA,3.51598720486997,780.469677777778,-0.00137556079937795
1974-03-01,0.733,47.8,0.609999999999999,7.96,0.0130647830058264,-5.94960683191204e-05,0.0418102700600151,-0.0167942878517255,NA,2.04859755885437,779.499322222222,-0.00124407046641117
1974-04-01,0.387,48.1,0.619999999999999,8.33,0.0103742239330362,-0.00293070250856875,-0.0524606854015079,-0.0204428850052691,NA,1.12650028227398,778.425,-0.0013791714747482
1974-05-01,0.392,48.6,0.680000000000001,8.23,0.0126556347652649,0.00795334789545521,-0.0306398535961225,-0.00247246698216852,NA,0.63151576386858,765.12445054945,-0.0172341464671586
1974-06-01,0.28,49,0.799999999999999,7.9,0.00605276383135145,-0.00190277891578061,0.00133734556876064,0.0113008195667446,NA,0.347263269539508,751.38054945055,-0.0181262539933513
1974-07-01,-0.091,49.3,0.76,7.55,0.0106116007286925,0.00201897908275717,-0.124109386437489,0.00377568466312184,NA,0.194675698157887,738.08,-0.0178600272494416
1974-08-01,-0.022,49.9,0.77,8.96,0.0178585609497821,-0.0106520563882926,-0.0422362248548831,0.0160531209861796,NA,0.107049931783275,739.589565217391,0.00204317092003592
1974-09-01,-0.43,50.6,0.94,8.06,0.000314152576016191,0.000163956219625394,-0.109857143445858,0.00207028131694553,NA,0.0588655286881758,741.099130434783,0.00203900488310715
1974-10-01,-0.284,51,1.21,7.46,0.00428355667261293,-0.00316644501341434,0.0191922145576076,-0.00764863868656374,NA,0.033,742.56,0.00196927988021223
1974-11-01,0.336,51.5,1.71,7.47,-0.00313250752130134,-0.0334502623712787,0.0325854017520415,-0.00826041373035213,NA,0.267781689242325,702.256293478261,-0.0558052476714739
1974-12-01,-0.229,51.9,1.74,7.15,0.00583943265155895,-0.0366155258563094,-0.0673116219924905,0.00320212276039378,NA,2.03103132831398,663.252706521739,-0.0571423541156921
1975-01-01,-0.354,52.3,1.98,6.26,0.014246137498203,-0.013956193454435,0.0786769556952356,-0.0129821518140334,NA,16.481,622.949,-0.0626914202273863
1975-02-01,0.243,52.6,2.03,5.5,0.0140460324518434,-0.0230760379194379,0.0988620482674323,-0.0111180885839772,NA,18.0850953883167,616.560933333333,-0.0103074982343658
1975-03-01,-0.499,52.8,1.81,5.49,0.00121212136052851,-0.0110640188597451,0.044918461444575,-0.00896154826186724,NA,19.6677393379846,610.791066666667,-0.00940220763401811
1975-04-01,-0.637,53,1.63,5.61,0.00443191700445578,0.00191909861292228,0.0111573857742622,0.00409370596716752,NA,21.582,604.403,-0.0105137536233988
1975-05-01,0.136,53.1,1.79,5.23,0.0237361558216467,-0.00292509715122957,0.0615684633211409,-0.00454959838445568,NA,17.8060423462404,619.850362637363,0.0252369043379685
1975-06-01,0.17,53.5,1.85,5.34,0.0077235560167459,0.00630205160894537,0.0252068140333463,0.000911577091383897,NA,14.5968442029949,635.812637362637,0.0254258262721256
1975-07-01,0.07,54,1.71,6.13,0.01258121695263,0.0103658906358137,0.000973551918530546,0.0251925153974604,NA,12.043,651.26,0.024005023439436
1975-08-01,-0.136,54.2,1.64,6.44,0.00690054492092163,0.00979879910524017,-0.0761310256553775,0.0124718795582801,NA,12.6088181597792,657.385195652174,0.00936119339709762
1975-09-01,-0.114,54.6,1.66,6.42,0.00742224360859467,0.0128597012106288,-0.0122081572566053,0.000109679188484257,NA,13.201220242994,663.510391304348,0.00927437356439054
1975-10-01,-0.2,54.9,1.76,5.96,0.00576642898609414,0.00432837679721843,0.0450318521673054,-0.00318559065461699,NA,13.801,669.438,0.00889403942273503
1975-11-01,-0.281,55.3,1.78,5.48,0.0139469663739167,0.00137242078927136,0.0167939459741602,0.00208825706485971,NA,9.56561473663953,691.203032608696,0.0319950505146469
1975-12-01,0.28,55.6,1.77,5.44,0.0150378773645405,0.0134681129853438,-0.0153272564801172,0.00656601177089122,NA,6.70888926293356,712.265967391304,0.0300177864316113
1976-01-01,-0.091,55.8,1.81,4.87,0.0136415356617379,0.0131842612409123,0.0880067476595485,-0.0118500399174959,NA,4.65,734.031,0.030099870688554
1976-02-01,-0.469,55.9,1.69,4.88,0.00054180965746653,0.0100291974793381,0.037885620690556,-0.00898060251621668,NA,4.66428724389761,743.927835164835,0.0133927723274141
1976-03-01,-0.239,56,1.6,5,0.00647892125063887,0.00201454968972126,0.00495786836078693,0.00111309005259042,NA,4.67769246859563,753.186164835165,0.0123683937176633
1976-04-01,0.139,56.1,1.54,4.86,0.00937381322565223,0.00513782151995512,0.00788181420225342,-0.00356625809820343,NA,4.69206479831108,763.083,0.0130543783951751
1976-05-01,-0.298,56.4,1.28,5.2,-0.00240202953444513,0.00410821843117226,-0.00689318337531386,0.00234179086668185,NA,4.70601554868283,763.959593406593,0.00114809306127572
1976-06-01,-0.038,56.7,1.27,5.41,0.0157302642597097,0.00104892323974903,0.00591134726305675,0.00422363637773504,NA,4.72047490178605,764.865406593407,0.00118497969722675
1976-07-01,-0.139,57,1.26,5.23,0.00794729304037212,0.00562032244557686,0.0233020252028444,-0.00478070842155454,NA,4.73451012291398,765.742,0.00114541913054556
1976-08-01,-0.044,57.3,1.19,5.14,0.0072803233681249,0.00680740282828785,-0.00867475319367372,0.000334280464420189,NA,4.74905702632512,767.672423913043,0.00251781240967386
1976-09-01,0.019,57.6,1.02,5.08,0.00928320230354984,0.00325628143855283,0.0210735767905286,0.018106036685718,NA,4.76364862546893,769.602847826087,0.00251148894830155
1976-10-01,-0.041,57.9,0.969999999999999,4.92,0.0068213088507374,-0.000249071313096927,-0.0347190126874422,0.00207661695479189,NA,4.77781221350304,771.471,0.0024244822422359
1976-11-01,0.03,58.1,0.98,4.75,0.0103137274035543,0.0152644119008731,-0.00689318337531386,0.0113989184097889,NA,4.79249216369472,783.5145,0.0154904863409229
1976-12-01,-0.131,58.4,1.14,4.35,0.018746643565799,0.0106753973940248,0.0340003610231259,-0.0136943776895597,NA,4.80674151120124,795.1695,0.0147657311504714
1977-01-01,-0.097,58.7,1.12,4.62,0.00288481551806807,-0.00692074655302077,-0.0086331471447032,-0.0114463059086676,NA,4.8215103473998,807.213,0.0150322744882212
1977-02-01,-0.085,59.3,1.08,4.67,0.0133264450241768,0.0157335629332724,-0.0273454538905282,0.00595962474638334,NA,4.8363245612252,827.146,0.024393647194862
1977-03-01,-0.228,59.6,1.02,4.6,0.00566894942222707,0.0124932159245184,-0.00396825917562094,-0.00132129506120027,NA,4.84974426045635,845.15,0.0215329052371009
1977-04-01,-0.049,60,1.03,4.54,0.00724174391061094,0.00971593910514335,-0.0155274845210789,-0.00707654434759775,NA,4.86464522370155,865.083,0.0233113296896512
1977-05-01,-0.051,60.2,0.959999999999999,4.96,0.00782626578912193,0.00779412030494075,-0.00293210866758109,-0.00288921192202984,NA,4.87910910135034,879.514648351648,0.0165447632704714
1977-06-01,-0.146,60.5,0.96,5.02,0.00515730900714484,0.0076545231479157,0.00535219656852437,-0.00167065807082167,NA,4.89410028882002,894.427351648352,0.0168134635791182
1977-07-01,-0.24,60.8,0.929999999999999,5.19,0.01328583671165,0.00135798021863875,0.00912332760526091,-0.0118862130509747,NA,4.90865174417251,908.859,0.0160062836988448
1977-08-01,0.03,61.1,0.84,5.49,0.00405269045062262,0.00092304076579719,-0.024754989785289,0.00101471343054627,NA,4.92373370216766,901.17672826087,-0.00848858146678388
1977-09-01,0.073,61.3,0.880000000000001,5.81,0.00682120310138945,0.00403220486167921,-0.0156720394971659,-0.00293420817673873,NA,4.93886199986437,893.494456521739,-0.00856125481585934
1977-10-01,-0.026,61.6,0.850000000000001,6.16,0.0129707486379269,0.0015379261344779,-0.0262161668737493,-0.0135406290267666,NA,4.95354654362971,886.06,-0.00835546194915615
1977-11-01,-0.048,62,0.869999999999999,6.1,0.0118254865026879,0.00189531545655397,0.00574408557337058,-0.00839809364908639,NA,4.96876644204412,891.878902173913,0.0065456950666114
1977-12-01,-0.122,62.3,0.800000000000001,6.07,0.0067593197643836,0.00168951056786115,-0.00489102516761886,-0.0156016670264059,NA,4.98353989963009,897.510097826087,0.00629400788976398
1978-01-01,-0.205,62.7,0.76,6.44,-0.00487714341351619,-0.0146788002806884,-0.038794455687321,-0.0100242598942302,NA,4.99885195339772,903.329,0.00646245678731194
1978-02-01,0.106,63,0.729999999999999,6.45,0.0190723206455932,0.00540095923436379,-0.0141719718350952,-0.00344316160883995,NA,5.01421105384207,923.538244444444,0.0221253831364123
1978-03-01,0.042,63.4,0.75,6.29,0.0163950096984022,0.0191040782257947,-0.00179977551393939,-0.00812041720399481,NA,5.0281243475783,941.791755555555,0.0195719725658172
1978-04-01,-0.069,63.9,0.76,6.29,0.0136272342038115,0.0196600533946318,0.0428644917549352,-0.00577202179712177,NA,5.04357338820224,962.001,0.0212313063178158
1978-05-01,-0.216,64.5,0.800000000000001,6.41,0.0111096428223059,0.00487514794946264,0.049452533163973,0.0106760445432359,NA,5.05856926663634,971.241,0.00955914506345223
1978-06-01,0.243,65,0.84,6.73,0.00972592063034039,0.00643570907047097,0.00256318385064969,-0.0103143154743615,NA,5.07411185005255,980.789,0.00978271455497559
1978-07-01,-0.142,65.5,0.719999999999999,7.01,0.000701114801208824,-0.000753129984206957,-0.00482423311813474,-0.0263848211448368,NA,5.08919852741555,990.029,0.00937688584426599
1978-08-01,-0.064,65.9,0.790000000000001,7.08,0.0140582731467473,0.00400093928407719,0.0667610725898022,-0.0188673054698842,NA,5.10483522001868,997.743619565217,0.00776211345636213
1978-09-01,-0.156,66.5,0.73,7.85,0.00406911144580935,0.00244175801578361,0,0.00264533756328866,NA,5.12051995675965,1005.45823913043,0.00770232682381078
1978-10-01,0.133,67.1,0.699999999999999,7.99,0.00958977141642414,0.00763774448221177,-0.0322766404395427,-0.0173851215765435,NA,5.1357446177055,1012.924,0.00739780084594877
1978-11-01,0.168,67.5,0.800000000000001,8.64,0.00929608051528064,0.0076593956212827,-0.0603326664276285,0.0225297467637509,NA,5.1515243243612,1013.49109782609,0.000559705503082597
1978-12-01,-0.042,67.9,0.779999999999999,9.08,0.0106816372837555,0.00503911987858885,0.0146737775971824,0.00511829342814174,NA,5.16684116949706,1014.03990217391,0.000541352375108772
1979-01-01,0,68.5,0.880000000000001,9.35,0.00393478116124513,-0.00543884589695454,0.0367726040055087,-0.001245950821537,NA,5.18271642110325,1014.607,0.000559089746225538
1979-02-01,-0.152,69.2,0.82,9.32,0.0101980885158142,0.00489822184918731,-0.0149543051539229,0.0104180528028515,NA,5.19864044982593,1014.29217777778,-0.000310337968684848
1979-03-01,0.133,69.9,0.890000000000001,9.48,0.00878982372887727,0.00308920163679849,0.0188580186343961,0.00295675957679631,NA,5.213065493134,1014.00782222222,-0.000280388066280501
1979-04-01,-0.064,70.6,0.949999999999999,9.46,0.00469117357588011,-0.0118746389911677,0.0197830388494449,0.0102803499936197,NA,5.2290827701565,1013.693,-0.0003105213760346
1979-05-01,0.105,71.4,0.970000000000001,9.61,0.0131733791899844,0.00878929999127553,-0.0234861907568424,0.00969352071101159,NA,5.24463021707707,1008.0651978022,-0.00556725006948522
1979-06-01,0,72.2,1.09,9.06,0.0107833235034454,0.000160286275492805,0.0195607686407371,0.00397136330371683,NA,5.26074447752097,1002.2498021978,-0.00578557273449753
1979-07-01,0.761,73,1.09,9.24,0.00657855494151427,-0.00161562475354371,0.00978481387999874,-0.0174465292655768,NA,5.27638606307662,996.622,-0.0056309935056138
1979-08-01,0.322,73.7,1.12,9.52,0.018428231779744,-0.00654129142987614,0.0447480651402516,0.00912470592808479,NA,5.29259789416934,990.664945652174,-0.00599518071943717
1979-09-01,-0.224,74.4,1.1,10.26,0.0112633903475201,-6.81410442004982e-05,0.0111112254250703,0,NA,5.30885953652761,984.707891304348,-0.00603133980047676
1979-10-01,0,75.2,1.27,11.7,0.00470158093967221,0.00689177522457829,-0.0384843360949692,0.0116791406396919,NA,5.32464418088704,978.943,-0.00587162197962332
1979-11-01,0.045,76,1.23,11.79,0.00951839615304806,-0.00161390860137001,-0.00768495616938392,0.020379852268035,NA,5.34100428628066,976.687076086956,-0.00230710801727874
1979-12-01,0,76.9,1.32,12.04,0.00541582741507884,0.000683423143919892,0.0387755432394155,-0.0127480479946396,NA,5.35688450548802,974.503923913044,-0.00223776461140002
1980-01-01,-0.011,78,1.33,12,0.0184331536229081,0.00530048512856851,0.0283512358814244,-0.00368938234610461,NA,5.37334367010333,972.248,-0.00231762958096748
1980-02-01,0.197,79,1.19,12.86,0.00241268837429853,0.000371484972123248,0.0389085329186916,0.00961146527034451,NA,5.38985340592278,944.086032967033,-0.0293936173392266
1980-03-01,1.422,80.1,1.49,15.2,0.00398874297026275,-0.00420216087257064,-0.0964383093985219,0.0305855575560514,NA,5.40534391759535,917.740967032967,-0.0283021187957182
1980-04-01,-3.221,80.9,2.15,13.2,-0.00763945655795784,-0.0200211440207587,-0.0163701296468552,0.00468491972697116,NA,5.42195197499345,889.579,-0.0311668627121318
1980-05-01,-0.764,81.7,2.18,8.58,0.00288634488959438,-0.0248145647538256,0.0446205959327068,-0.0383455831953343,NA,5.43807287310166,870.223065934066,-0.0219987406928421
1980-06-01,0,82.5,2.13,7.07,0.0109393000571565,-0.012984989429254,0.0620982201182967,-0.0178074618912403,NA,5.45478149105241,850.221934065934,-0.0232521621046642
1980-07-01,0.403,82.6,1.58,8.06,0.0163308975795591,-0.00714281412265816,0.0443758814007094,-0.00847667948030839,NA,5.471,830.866,-0.0230288839562602
1980-08-01,-0.198,83.2,1.51,9.13,0.00951330197368172,0.00318933563048551,0.0304174703866833,0.0104041586940857,NA,NA,856.959913043478,0.0309226112430103
1980-09-01,0.771,83.9,1.68,10.27,0.00942365126375222,0.0165584181060687,0.0240011520995429,-0.0139370855581644,NA,NA,883.053826086957,0.0299950153501332
1980-10-01,1.218,84.7,1.92,11.62,0.0203475999371783,0.0126237437702277,0.0288294216068934,0.00268129350157764,NA,NA,908.306,0.0281951692913918
1980-11-01,1.871,85.6,1.67,13.73,0.00532397865583256,0.01652992383096,0.0413748370663551,0.0195257498985857,NA,NA,936.633934782609,0.0307112017437907
1980-12-01,-0.634,86.4,1.93,15.49,0.0135383337329262,0.0065787457404558,-0.0163450890005192,0.0106851307477758,NA,NA,964.048065217391,0.0288486255744429
1981-01-01,0,87.2,2.22,15.02,0.00983429480486286,-0.00634507725214117,-0.00375234961855053,-0.0157108682616078,NA,NA,992.376,0.028960914176773
1981-02-01,-0.783,88,2.02,14.79,0.00756489676593475,-0.00411385981020107,-0.035198736965893,0.0280342446856077,NA,NA,978.209,-0.014378719092945
1981-03-01,0.307,88.6,2.01,13.36,0.00987571069339399,0.00505191120491677,0.0367013668504281,0.00198100629954556,NA,NA,965.413,-0.013167359578822
1981-04-01,0,89.1,1.68,13.69,0.000787960012401889,-0.00421635920921304,0.00896866998276025,0.0128392255877232,NA,NA,951.246,-0.0147832848829648
1981-05-01,1.515,89.7,1.63,16.3,0.00492379602479875,0.00567859135306836,-0.0202938193398134,0.0270976276015356,NA,NA,968.921274725275,0.0184106605831165
1981-06-01,0,90.5,2.05,14.73,0.0107581007954058,0.00520041884441724,0.00454546237167452,0.0177388243373811,NA,NA,987.185725274725,0.0186748284789839
1981-07-01,-0.611,91.5,1.79,14.95,0.00392096669083752,0.00648885667134724,-0.0244847732683136,0.0261388993679077,NA,NA,1004.861,0.0177463092342425
1981-08-01,-0.041,92.2,1.45,15.51,0.0125363015146505,-0.00126300553954106,0.00386548606557735,0.0172994497295775,NA,NA,992.937456521739,-0.0119368247772362
1981-09-01,0,93.1,1.43,14.7,-0.000559497484140969,-0.00480701030175501,-0.0912290129338329,-0.0203014890807687,NA,NA,981.013913043478,-0.0120810357167489
1981-10-01,-0.574,93.4,1.71,13.54,-0.000814373740738006,-0.00775452320247716,0.0125999146970077,-0.0117731013664013,NA,NA,969.475,-0.0118319541136334
1981-11-01,-0.356,93.8,2.17,10.86,0.00340577276719678,-0.01168216134774,0.0255473308906407,-0.0183109112533009,NA,NA,938.575076086957,-0.0323918392047471
1981-12-01,0.1,94.1,2.32,10.85,0.00919337686807253,-0.0109023155837944,0.00729634367850629,-0.00254833665136189,NA,NA,908.671923913044,-0.0323787394149768
1982-01-01,0,94.4,1.92,12.28,0.00416468651832158,-0.0207094279752855,-0.0539326045910657,0.00773569997485524,NA,NA,877.772,-0.0345972304238762
1982-02-01,1.021,94.7,1.91,13.48,0.0119952661429856,0.0202134066783719,-0.0241599326651354,0.0357895378658037,NA,NA,877.541911111111,-0.00026216266930934
1982-03-01,-0.435,94.7,2.24,12.68,0.0014337628837362,-0.00677609322829786,-0.0328480486811111,0.0295123972132938,NA,NA,877.334088888889,-0.000236851177170649
1982-04-01,0,95,2.32,12.7,0.00108631256979397,-0.00927281403294478,0.0484462852114351,0.00432188365665276,NA,NA,877.104,-0.000262293541920755
1982-05-01,-0.056,95.9,2.38,12.09,0.00894179093341307,-0.00664360377688888,0.000859475772719165,-0.0170873520087449,NA,NA,874.45443956044,-0.00302537717343565
1982-06-01,0,97,2.11,12.47,0.00175927328764747,-0.0025800253797148,-0.0592831680161527,0.0455320046864012,NA,NA,871.71656043956,-0.00313586855410541
1982-07-01,-0.196,97.5,2.19,11.35,0.0116983107253068,-0.00338427256840079,-0.00273847729330434,0.0111156364827103,NA,NA,869.067,-0.00304410329440152
1982-08-01,-0.211,97.7,2.61,8.68,0.00380512464513139,-0.009122148233498,0.00273847729330434,0.0279323302906178,NA,NA,846.430934782609,-0.026391613316056
1982-09-01,0,97.7,2.69,7.92,0.0117094558439295,-0.00259628916384269,0.109545002797041,-0.0124585125840886,NA,NA,823.794869565217,-0.0271070548771606
1982-10-01,-0.242,98.1,2.61,7.71,0.0100227767927699,-0.00959119018352794,0.0807965712599366,0.00957500424243651,NA,NA,801.889,-0.0269513599174154
1982-11-01,0.125,98,2.62,8.07,0.0109940056137487,-0.00316606884447612,0.0398871190770844,-0.0041475825070707,NA,NA,811.250663043478,0.0116068910311053
1982-12-01,0.651,97.7,2.31,7.94,0.00570648049270428,-0.00715358533397881,0.00936943791117706,-0.0180431090775794,NA,NA,820.310336956522,0.0111056430346856
1983-01-01,0,97.9,2.15,7.86,0.00572010047522031,0.0183598837010388,0.0345469674534016,0.00363476012921993,NA,NA,829.672,0.011347713599708
1983-02-01,0.185,98,1.94,8.11,0.00137899355339233,-0.00612262676041819,0.0171766504005904,0.00459815905789895,NA,NA,854.9804,0.0300481027341206
1983-03-01,0.145,98.1,1.88,8.35,0.0117814961537794,0.00827365120921097,0.0341512934213117,-0.00175849986698751,NA,NA,877.8396,0.0263853443211444
1983-04-01,0,98.8,1.78,8.21,0.0106566528233545,0.0125807940102152,0.0374720843672653,0.00195369799370493,NA,NA,903.148,0.0284225490860051
1983-05-01,-0.019,99.2,1.63,8.19,0.00872040049799594,0.00614640708686043,0.0397815041270526,-0.00302986108734249,NA,NA,921.788879120879,0.020429777801084
1983-06-01,0,99.4,1.63,8.79,0.0133131845365444,0.00606196329415143,0.0139185302910629,0.0138040492714619,NA,NA,941.051120879121,0.0206812483243555
1983-07-01,-0.008,99.8,1.24,9.08,0.0124008226120065,0.0147851298756492,0.00359928402964727,0.00366194877754378,NA,NA,959.692,0.0196149354205417
1983-08-01,-0.234,100.1,1.13,9.34,0.0069192457336813,0.0117858838809046,-0.027931384689178,0.0126172578037176,NA,NA,991.150934782609,0.0322544286145545
1983-09-01,0,100.4,1.18,9,0.0062294790415427,0.0143845677984218,0.0291282729230238,-0.00323470931844128,NA,NA,1022.60986956522,0.0312465057768598
1983-10-01,0.282,100.8,1.21,8.64,0.00967508879003276,0.00773029636199896,0.002985968178562,-0.019145324784767,NA,NA,1053.054,0.0293364588284399
1983-11-01,-0.172,101.1,1.2,8.76,0.0036834013575211,0.0044723902969892,-0.0150198077422852,0.00880040494237377,NA,NA,1087.34673913043,0.032046030625728
1983-12-01,0.217,101.4,1.18,9,0.0114709549991519,0.00493550051561265,-0.00485437846479808,0.0100590013272219,NA,NA,1120.53326086957,0.0300641532575199
1984-01-01,0.257,102.1,1.45,8.9,0.0107210667455897,0.0196585483927549,0.0120920457650282,0.00551332195032295,NA,NA,1154.826,0.030144985502865
1984-02-01,0,102.6,1.51,9.09,-0.00659356719173232,0.00451357565887411,-0.0562397183228756,-0.0128800139589647,NA,NA,1167.61946153846,0.0110173445688533
1984-03-01,-0.101,102.9,1.42,9.52,0.0116234685405523,0.00476247581694889,0.000635525919070012,-0.0178264747771717,NA,NA,1179.58753846154,0.010197805853073
1984-04-01,0,103.3,1.5,9.69,0.010595096146754,0.00597246993408485,0.00126984144047615,0.0070134711798584,NA,NA,1192.381,0.0107873147482955
1984-05-01,0.173,103.5,1.46,9.83,0.00689378237061966,0.00531994506109967,-0.00636539386707646,0.0190372060200836,NA,NA,1200.88748351648,0.00710870459961832
1984-06-01,0,103.7,1.5,9.87,0.00849082584468963,0.00363593497270909,-0.0226034808930642,0.00607673727140856,NA,NA,1209.67751648352,0.00729295574006184
1984-07-01,0.327,104.1,1.71,10.12,-0.000400785545021876,0.0027802772809431,-0.0131494333849442,0.027634320070903,NA,NA,1218.184,0.00700741641741143
1984-08-01,-0.061,104.4,1.76,10.47,0.00703046756154357,0.00119652142229487,0.0843606133433861,0.00303406659451966,NA,NA,1212.85975,-0.00438022434828511
1984-09-01,0,104.7,1.69,10.37,0.00856128891480079,-0.00283396351976473,0.0102875339971691,0.0176528696899059,NA,NA,1207.5355,-0.00439949515503013
1984-10-01,0.035,105.1,1.31,9.74,-0.000987147421773749,-0.000408399795957415,-0.00785739914387751,0.00692106488386113,NA,NA,1202.383,-0.00427608473155949
1984-11-01,-0.546,105.3,1.19,8.61,0.0157174929039687,0.00333589590410321,0.00906076872351047,-0.0128010402130316,NA,NA,1191.27455434783,-0.00928163293873929
1984-12-01,-0.144,105.5,1.27,8.06,0.004346145762403,0.000487694881353029,-0.0108828159934555,0.0151272468627903,NA,NA,1180.52444565217,-0.00906500281916855
1985-01-01,0,105.7,1.18,7.76,0.0139195541543851,-0.000524373285113011,0.0422556168484354,0.0109319846204956,NA,NA,1169.416,-0.0094543063128496
1985-02-01,-0.158,106.3,1.1,8.27,0.00836570397204728,0.00293185796856177,0.052778205347388,0.0245352159732111,NA,NA,1176.27664444444,0.00584958478989606
1985-03-01,0.201,106.8,1.13,8.52,0.00291154044559772,0.00146545071468651,-0.00832644277655437,0.00361601771541409,NA,NA,1182.47335555556,0.00525424514442197
1985-04-01,0,107,1.28,7.95,0.00414469319779087,-0.00220447198420626,0.00666669135818942,-0.0340023142110706,NA,NA,1189.334,0.00578517775725906
1985-05-01,-0.104,107.2,1.43,7.48,0.0137794147969119,0.00169856777925137,0.023530497410194,0.00567427712735924,NA,NA,1186.66103296703,-0.00224997790274362
1985-06-01,0,107.5,1.46,6.95,-0.0025994295895142,-0.000522610212295938,0.0214026361143853,-0.00861270584776275,NA,NA,1183.89896703297,-0.00233030776186016
1985-07-01,0.06,107.7,1.46,7.08,0.00973162663428706,-0.00502990134881953,0.0188783792203751,-0.0116603707007492,NA,NA,1181.226,-0.00226031876391275
1985-08-01,0.186,107.9,1.45,7.14,0.0133145095782989,0.00322058516623569,-0.0220597180647326,-0.00933612038515541,NA,NA,1195.89607608696,0.0123428766900542
1985-09-01,0,108.1,1.41,7.1,0.0153605097001419,0.00370293623682194,-0.0225573474240743,0.0109587656523935,NA,NA,1210.56615217391,0.0121923856896728
1985-10-01,0.104,108.5,1.34,7.16,-0.0140169847426952,-0.00350702815187454,0.0113422766039344,-0.0425987777337413,NA,NA,1224.763,0.0116592113524963
1985-11-01,0.021,109,1.44,7.24,0.00553657170687138,0.00346324331783965,0.0589172194982099,-0.00150503273635216,NA,NA,1224.6420326087,-9.87728773251817e-05
1985-12-01,-0.069,109.5,1.42,7.1,0.0144026565312139,0.00985778753836453,0.0484284351005577,-0.0117414472650719,NA,NA,1224.5249673913,-9.5595945462712e-05
1986-01-01,0,109.9,1.39,7.07,0.00560444145721029,0.0052252088694571,0.00433213673913446,-0.0170993599490084,NA,NA,1224.404,-9.87920785071594e-05
1986-02-01,-0.11,109.7,1.44,7.06,-0.00244364685196885,-0.0068867728029165,0.0523973916602607,-0.036608103413295,NA,NA,1217.04115555556,-0.00603156433739649
1986-03-01,0,109.1,1.5,6.56,0.00120486211818793,-0.0070930654524215,0.057133091935234,-0.0231811925472378,NA,NA,1210.39084444444,-0.00547931126354495
1986-04-01,0.207,108.7,1.4,6.06,0.00409981488944489,0.00113288867735228,0.0242410338951116,-0.0116911993281326,NA,NA,1203.028,-0.00610160752193334
1986-05-01,0.076,109,1.2,6.15,0.00783463525820327,0.0019077086101289,0.00209863665692112,-0.0166854177894793,NA,NA,1192.35953846154,-0.0089075624779138
1986-06-01,0,109.4,1.21,6.21,0.00146873715030615,-0.00389384277128357,0.0281126409360475,0.0163731617369809,NA,NA,1181.33546153846,-0.00928860378809038
1986-07-01,-0.168,109.5,1.28,5.83,0.00679102019593625,0.00620041443513664,-0.0210100416185606,-0.0245546874782834,NA,NA,1170.667,-0.00907187375838436
1986-08-01,-0.234,109.6,1.46,5.53,0.00602098777320847,-0.00171263362845764,0.0197863008988444,-0.013317778192226,NA,NA,1171.84769565217,0.00100805835228979
1986-09-01,0.001,110,1.31,5.21,0.0249399680338307,0.0027398941673642,-0.0277278264400307,0.000648508453338081,NA,NA,1173.02839130435,0.00100704319390221
1986-10-01,0,110.2,1.38,5.18,-0.0131761352095348,0.00424999691052363,-0.00378390192912903,0.000540102632626827,NA,NA,1174.171,0.000973593287507235
1986-11-01,0.021,110.4,1.39,5.35,-0.0015354958402245,0.00391235679250723,0.0319198083584995,0.0133020626930866,NA,NA,1184.84814130435,0.00905224890060019
1986-12-01,-0.082,110.8,1.48,5.53,0.0231889556875533,0.00950097463602351,0.0141788885425438,-0.00845422125696071,NA,NA,1195.18085869565,0.0086829045435648
1987-01-01,0,111.4,1.36,5.43,-0.0207673579558003,-0.00386278777155002,0.061996072221743,-0.0318839105199409,NA,NA,1205.858,0.0088938266416454
1987-02-01,0.176,111.8,1.27,5.59,0.0223009983177453,0.0132390932376261,0.0601574828118441,-0.0105962733689884,NA,NA,1206.07431111111,0.000179367481164761
1987-03-01,0.191,112.2,1.25,5.59,0.0038570288880404,0.00134389091558873,0.0404659325617134,-0.00731532157637282,NA,NA,1206.26968888889,0.000161981689348778
1987-04-01,0,112.7,1.19,5.64,0.00842687691904054,0.00651589254672835,-0.0110004546898219,-0.0234283042920049,NA,NA,1206.486,0.000179306270159607
1987-05-01,0.238,113,1.18,5.66,0.00315416216289499,0.00623044113508175,-0.000691562959788783,-0.00929374719145937,NA,NA,1206.54402197802,4.80905562749712e-05
1987-06-01,0,113.5,1.2,5.67,0.0079723352397334,0.00533484348238833,0.0416656371700945,0.0120651115518431,NA,NA,1206.60397802198,4.96911453158333e-05
1987-07-01,-0.041,113.8,1.19,5.69,0.00710177285581537,0.00675155008002548,0.028456539914008,0.0114653858583509,NA,NA,1206.662,4.80858542424301e-05
1987-08-01,-0.021,114.3,1.13,6.04,0.0115975920431719,0.0074632254420326,0.0603779916371368,-0.00251113018611804,NA,NA,1234.36622826087,0.0226997931042812
1987-09-01,-0.147,114.7,1.13,6.4,-0.0013743949233298,0.00391879889739766,-0.0330225963202491,-0.0175240822954335,NA,NA,1262.07045652174,0.0221959289540967
1987-10-01,0,115,1.1,6.13,0.00255550370667024,0.013354935373675,-0.128746587520384,-0.00419581035133554,NA,NA,1288.881,0.0210208082505581
1987-11-01,-0.085,115.4,1.22,5.69,0.00308981404339015,0.004925805555966,-0.13424542335818,-0.0286715528896373,NA,NA,1268.03248913043,-0.0163079220383109
1987-12-01,-0.18,115.6,1.18,5.77,0.00946464181877538,0.00546875453926088,-0.0164612770540726,-0.0240858255690108,NA,NA,1247.85651086957,-0.0160391899571
1988-01-01,0,116,1.19,5.81,0.0123987937343006,-0.000258634411754777,0.0386619870342644,-0.00977428134217462,NA,NA,1227.008,-0.0168486023973822
1988-02-01,-0.224,116.2,1.22,5.66,0.00239312634608879,0.00501484661785057,0.0298881861996492,0.00322741094443746,NA,NA,1236.96717582418,0.00808387207550254
1988-03-01,0.018,116.5,1.18,5.7,0.0120645101766783,0.00219187380823538,0.0290207460411995,-0.0162422361233929,NA,NA,1246.28382417582,0.00750362493813306
1988-04-01,0,117.2,1.23,5.91,0.000766459760063398,0.00595472375013717,-0.0117358908970724,-0.010891698350239,NA,NA,1256.243,0.00795933798186521
1988-05-01,0.188,117.5,1.14,6.26,0.009334173862376,-0.00202633650650252,-0.0250639686632157,0.000636496743530834,NA,NA,1258.54376923077,0.00182979320621701
1988-06-01,0.308,118,1.14,6.46,0.0075316821302831,0.0029014525970128,0.055443203414776,0.0145287123840907,NA,NA,1260.92123076923,0.00188727546850931
1988-07-01,0,118.5,1.15,6.73,0.00726599005255579,0.000155314409811425,-0.00592813888739574,0.0257535590112026,NA,NA,1263.222,0.00182301054862055
1988-08-01,-0.182,119,1.1,7.06,0.00754023272368265,0.00499152674274583,-0.0202709643736192,0.00961019500132565,NA,NA,1269.71751086957,0.00512884344881126
1988-09-01,-0.067,119.5,1.08,7.24,0.00207622794441242,-0.00323570042058297,0.0161748871516156,0.00398719793617985,NA,NA,1276.21302173913,0.0051026725828871
1988-10-01,0,119.9,0.9,7.35,0.0114014227244432,0.0044013087700101,0.0344735273698742,-0.0244122949555017,NA,NA,1282.499,0.00491340240992244
1988-11-01,-0.009,120.3,1.03,7.76,0.00482182146690846,0.00253298819365,-0.0233416870010297,-0.0260372700985636,NA,NA,1297.1667173913,0.0113719195179867
1988-12-01,0.446,120.7,1.08,8.07,0.00856331159236312,0.00453068929272682,0.0200920000826885,-0.00495837262764098,NA,NA,1311.3612826087,0.0108833068496912
1989-01-01,0,121.2,1.03,8.27,0.00691306725262031,0.00294153867918379,0.0316808840803464,0.0181869119908225,NA,NA,1326.029,0.0111230171080292
1989-02-01,0.297,121.6,0.969999999999999,8.53,0.00123355868590558,-0.00445110452579733,0.0296880622959454,0.00486922742436402,NA,NA,1321.61081111111,-0.00333745773982663
1989-03-01,0.061,122.2,0.869999999999999,8.82,0.00309154651682952,0.00256893666013447,-0.0044315736408409,0.0117626565155913,NA,NA,1317.62018888889,-0.00302408183552849
1989-04-01,0,123.1,0.82,8.65,0.0125537733197714,-0.000352998922908299,0.0322717080875723,0.000492247117987787,NA,NA,1313.202,-0.0033587925943408
1989-05-01,0.153,123.7,0.890000000000001,8.43,0.00248069135502327,-0.00552557259612918,0.0376545620624951,0.0231069504845935,NA,NA,1309.31518681319,-0.00296418727189529
1989-06-01,0,124.1,0.93,8.15,0.00415824379791907,-2.26954401627566e-05,0.0307426970842908,0.0186988119457947,NA,NA,1305.29881318681,-0.00307225218368501
1989-07-01,0.075,124.5,0.94,7.88,0.0053409519744676,-0.00971049851291284,0.0250165577937302,-0.0209856276502034,NA,NA,1301.412,-0.0029821613104879
1989-08-01,-0.139,124.5,0.92,7.9,0.00968604494896219,0.00969428716886256,0.0433376585555765,0.00396849778241481,NA,NA,1298.15902173913,-0.00250270520143037
1989-09-01,0,124.8,0.9,7.75,0.000358992064608543,-0.00333376674115282,0.00201758246852268,0.00955573444172764,NA,NA,1294.90604347826,-0.00250898445315784
1989-10-01,-0.087,125.4,0.890000000000001,7.64,0.00322514234484217,-0.00126952315538276,0.000287894056976157,-0.0173875715699152,NA,NA,1291.758,-0.00243405790593432
1989-11-01,0.108,125.9,0.92,7.69,0.0026659719784945,0.00336071920537151,-0.020943173845243,0.00386333934577276,NA,NA,1296.08047826087,0.00334061211081949
1989-12-01,-0.067,126.3,0.960000000000001,7.63,0.0111635413883278,0.00567629262590064,0.0243914531241591,-0.0141984061091041,NA,NA,1300.26352173913,0.00322225952926392
1990-01-01,0,127.5,0.949999999999999,7.64,0.0125424778727119,-0.00523651211958853,-0.0250677546627935,-0.00502359691536647,NA,NA,1304.586,0.00331879610876307
1990-02-01,0.313,128,0.92,7.74,-0.00067034015568268,0.00904308259915876,-0.0284020165066652,0.00135027332858328,NA,NA,1304.72618888889,0.000107452752967419
1990-03-01,-0.094,128.6,0.840000000000002,7.9,0.00713611025001804,0.00475592920294154,0.023950555063478,0.0182331537104234,NA,NA,1304.85281111111,9.70441763374907e-05
1990-04-01,0,128.9,0.84,7.77,0.00401334775689222,-0.0022508333978255,-0.000827618869656099,-0.00253271557928425,NA,NA,1304.993,0.000107430782636087
1990-05-01,0.044,129.1,0.94,7.74,0.00153727931888703,0.00294988299082632,0.0350688871068332,-0.013617231691831,NA,NA,1296.653,-0.00641134771465435
1990-06-01,0,129.9,0.960000000000001,7.73,0.00757229585563479,0.00339391401356437,0.0285395931842771,0.00561524912949984,NA,NA,1288.035,-0.00666852783494054
1990-07-01,-0.066,130.5,0.959999999999999,7.62,0.00451077316727222,-0.001665186354467,-0.00099941708993434,-0.0202896600587597,NA,NA,1279.695,-0.00649603293796286
1990-08-01,0.15,131.6,1,7.45,0.0069361425407859,0.00361553974774242,-0.0848245583163942,-0.0161546309483294,NA,NA,1255.57295652174,-0.0190297608253944
1990-09-01,0,132.5,1.08,7.36,0.00564885415863081,0.000214704388667109,-0.0474894231982939,-0.0115549504794306,NA,NA,1231.45091304348,-0.0193989291642032
1990-10-01,-0.119,133.4,1.21,7.17,0.000129187282984944,-0.00616681328916524,-0.0266348291042293,-0.0256125758567265,NA,NA,1208.107,-0.0191384065495139
1990-11-01,-0.018,133.7,1.32,7.06,0.000335808850426389,-0.0125558346433685,0.0262542995293185,-0.00644103442718702,NA,NA,1194.56168478261,-0.0112753446266129
1990-12-01,-0.159,134.2,1.38,6.74,-0.00274142829323587,-0.00697529778070827,0.0418047332701139,0.00997252720865749,NA,NA,1181.45331521739,-0.0110340234046697
1991-01-01,0,134.7,1.41,6.22,-0.00527116497753788,-0.00333898311973879,-0.00996584428148584,-0.00484262447578754,NA,NA,1167.908,-0.0115311895371892
1991-02-01,-0.251,134.8,1.24,5.94,0.00666868073293969,-0.00731993715579726,0.107030446854282,-0.0145370605457069,NA,NA,1167.90662222222,-1.17969787893912e-06
1991-03-01,0.227,134.8,1.16,5.91,0.0119029131315678,-0.00564597649833942,0.0272840732527397,0.0371090397393523,NA,NA,1167.90537777778,-1.06553476442173e-06
1991-04-01,0,135.1,1.08,5.65,-0.00150893239714556,0.0025689518946832,0.0196825333699433,0.0123655090809516,NA,NA,1167.904,-1.17970052748717e-06
1991-05-01,0.262,135.6,1,5.46,0.00665793309273432,0.0099794180402446,-0.00446105244426054,0.00227790531299377,NA,NA,1175.5272967033,0.00650612083651225
1991-06-01,0,136,0.950000000000001,5.57,0.00185427488770351,0.00803690156077241,0.000793356999352568,0.0166722758711462,NA,NA,1183.4047032967,0.00667881556178518
1991-07-01,-0.077,136.2,0.890000000000001,5.58,0.00645041128603729,0.00273704960704091,0.0051152355379136,-0.00336218484959083,NA,NA,1191.028,0.00642117410698528
1991-08-01,0.14,136.6,0.9,5.33,0.00078133864921881,0.000142568996344572,0.0238307601576402,-0.0102809330824423,NA,NA,1205.25868478261,0.0118774203185605
1991-09-01,0,137,0.9,5.22,0.00392265835284178,0.00819585472143114,-0.00566573753567745,-0.0115344456442728,NA,NA,1219.48936956522,0.0117380015210244
1991-10-01,-0.035,137.2,0.94,4.99,-0.00218573830533764,-0.00104655069849358,-0.000826787975993781,-0.0120560649688439,NA,NA,1233.261,0.0112296590213692
1991-11-01,-0.121,137.8,0.969999999999999,4.56,0.00691766756840018,-0.00132623879501992,-0.00248447332766144,-0.0159982601831539,NA,NA,1225.58411956522,-0.00624431796708791
1991-12-01,0.113,138.2,0.949999999999999,4.07,0.00421231664333988,-0.00457483480864873,0.0066888154034066,-0.00935263354283844,NA,NA,1218.15488043478,-0.00608024180836075
1992-01-01,0,138.3,0.930000000000001,3.8,0.0158420131966093,-0.00525111861895944,0.0685586399626441,-0.00464284179499774,NA,NA,1210.478,-0.00632199791538834
1992-02-01,-0.004,138.6,0.940000000000001,3.84,0.00361672885141928,0.0070809807907164,-0.00849589972211362,0.0171372504054492,NA,NA,1233.79851648352,0.0190823124737518
1992-03-01,-0.126,139.1,0.9,4.04,0.00425972773367178,0.00838059094674914,-0.0126843343736613,0.021720310892662,NA,NA,1255.61448351648,0.0175274456584749
1992-04-01,0,139.4,0.880000000000001,3.75,0.00351579437133509,0.00765158862092541,0.000122734023252136,-0.00744547727037492,NA,NA,1278.935,0.0184026192964959
1992-05-01,0.148,139.7,0.850000000000001,3.63,0.0064898477459856,0.00328291317142604,0.0180005346763421,-0.0110126137265487,NA,NA,1282.28642857143,0.00261705641446408
1992-06-01,0,140.1,0.83,3.66,0.00448684095062291,0.000563785358414393,-0.0158918638283003,-0.0144340519346162,NA,NA,1285.74957142857,0.00269711558288765
1992-07-01,-0.088,140.5,0.77,3.21,0.00660950401238836,0.00902153683782458,0.0164702746607084,-0.015987550760312,NA,NA,1289.101,0.00260320385287205
1992-08-01,-0.003,140.8,0.7,3.13,0.00382164558315701,-0.00557921440933118,0.00691495948519893,-0.00403714718697135,NA,NA,1302.35417391304,0.010228453567894
1992-09-01,0,141.1,0.699999999999999,2.91,0.0081168893765966,0.0032009201613219,0.00131514467611193,0.00188603046611391,NA,NA,1315.60734782609,0.0101248906997311
1992-10-01,-0.175,141.7,0.85,2.86,0.00688527310234655,0.00680873970138496,-0.0143928932876198,0.0224908009579803,NA,NA,1328.433,0.00970163165772941
1992-11-01,-0.029,142.1,0.860000000000001,3.13,0.0036807570791968,0.00381975603310369,0.0247576511257268,0.0336427121963903,NA,NA,1338.98580434783,0.00791241284387034
1992-12-01,-0.237,142.3,0.83,3.22,0.00831321579560296,0.00150984263968912,0.0298223573070233,0,NA,NA,1349.19819565217,0.00759802188716208
1993-01-01,0,142.8,0.76,3,0.000991114624008915,0.00393259892092424,-0.000941587218050266,0.0102539033750064,NA,NA,1359.751,0.00779110789195236
1993-02-01,0.094,143.1,0.680000000000001,2.93,0.00335786884044609,0.00482787295904963,0.0147562916130459,-0.00088200093917834,NA,NA,1362.44593333333,0.00197997006075656
1993-03-01,-0.063,143.3,0.57,2.95,-0.00064310160924741,-0.000978512107995044,0.0189721565225422,-0.00924466787875122,NA,NA,1364.88006666667,0.00178499671813181
1993-04-01,0,143.8,0.680000000000001,2.87,0.00935302213774136,0.00276509933307789,-0.0158527344762911,-0.0210858930777098,NA,NA,1367.575,0.00197253688817778
1993-05-01,0.335,144.2,0.780000000000001,2.96,0.0065791203532104,-0.0037229648933117,0.00488558152103913,-0.00130022122075335,NA,NA,1364.51302197802,-0.002241493889926
1993-06-01,0,144.3,0.74,3.07,0.00397184129297479,0.00226592835810902,0.00629122984901187,0.00285825840946785,NA,NA,1361.34897802198,-0.0023215007781463
1993-07-01,0.009,144.5,0.76,3.04,0.00648791688627348,0.00256186045584617,-0.00171999819027224,0.0114802937753433,NA,NA,1358.287,-0.00225175673546918
1993-08-01,0.044,144.8,0.75,3.02,0.00272625867181198,-0.00110789884738338,0.0151763468366637,-0.00192566976510111,NA,NA,1382.33693478261,0.0175511509199326
1993-09-01,0.159,145,0.68,2.95,0.00676114045019993,0.00510364020601273,0.0111894485604367,-0.00502416515777515,NA,NA,1406.38686956522,0.0172484137695594
1993-10-01,0,145.6,0.64,3.02,0.00471015764169636,0.0074384343327365,0.0100960625320861,0.00963955796617633,NA,NA,1429.661,0.0164134415279067
1993-11-01,-0.087,146,0.73,3.1,0.00468807602395493,0.00464431589024006,-0.00217956689181875,0.00992753476041752,NA,NA,1448.0099673913,0.0127528242664701
1993-12-01,-0.163,146.3,0.760000000000001,3.06,0.00372595004321141,0.00577898230370888,0.006588887365786,0.00341361985192457,NA,NA,1465.7670326087,0.0121884997023534
1994-01-01,0,146.3,0.73,2.98,0.00305803956012518,0.00309049230244884,0.0149959143877316,0.00264700475976642,NA,NA,1484.116,0.0124406316064851
1994-02-01,0.224,146.7,0.68,3.25,0.010306349839281,0.000640905675535208,-0.00298548767649454,-0.00568075756058928,NA,NA,1509.25734444444,0.01679839616388
1994-03-01,0.313,147.1,0.65,3.5,0.00288836878752896,0.00995745993072639,-0.0166137733362257,0.00202352415069296,NA,NA,1531.96565555556,0.0149339480523532
1994-04-01,0,147.2,0.64,3.68,0.00538795563451977,0.00591544131515143,-0.0364019819371109,-0.000252716705919198,NA,NA,1557.107,0.0162779593692761
1994-05-01,0.287,147.5,0.629999999999999,4.14,-0.00034259041510154,0.00464950634637873,0.00817258175747337,-0.00773870021284129,NA,NA,1548.72117582418,-0.00540006985522812
1994-06-01,0,147.9,0.680000000000001,4.14,0.00840233553710057,0.00669436550543612,0.00867813733456124,-0.00242269802911288,NA,NA,1540.05582417582,-0.00561087730311982
1994-07-01,0.07,148.4,0.690000000000001,4.33,0.00248157505790658,0.00126222294626288,-0.00756985837816426,-0.0156976975342786,NA,NA,1531.67,-0.00546002181762706
1994-08-01,0.417,149,0.67,4.48,0.00885782744506436,0.00661980855635136,0.0280477954989173,0.000129676457421013,NA,NA,1552.90297826087,0.0137674250457831
1994-09-01,0.041,149.3,0.640000000000001,4.62,0.00260023632498729,0.00296287533184714,0.00584194101318225,-0.00964176850491949,NA,NA,1574.13595652174,0.0135804542467524
1994-10-01,0,149.4,0.629999999999999,4.95,0.00790583911030929,0.00809614106060685,-0.00676861528885908,-0.00815043291954787,NA,NA,1594.684,0.0129690747780939
1994-11-01,0.549,149.8,0.640000000000001,5.29,0.00263526634844169,0.00671292617357988,-0.00605525087132541,0.00552851217263584,NA,NA,1600.326,0.00353176100515817
1994-12-01,-0.248,150.1,0.639999999999999,5.6,0.00331016522045502,0.00986895893953044,-0.0127048205300913,0.0282146320258816,NA,NA,1605.786,0.00340599784310225
1995-01-01,0,150.5,0.619999999999999,5.71,0.00198085241396129,0.00191304552735261,0.0218599813171005,0.0293010587840747,NA,NA,1611.428,0.00350738606998213
1995-02-01,0.501,150.9,0.59,5.77,-8.24572253605993e-05,-0.00123140188251458,0.035203229649114,-0.00983879908818608,NA,NA,1599.90013333333,-0.00717953177354058
1995-03-01,0.241,151.2,0.58,5.73,0.00710752565826489,0.0014572984719452,0.0230352622285288,-0.0178046246335066,NA,NA,1589.48786666667,-0.00652934271918415
1995-04-01,0,151.8,0.57,5.65,0.00098203698714272,-0.00176644007250015,0.0294908791285131,-0.0458831946237517,NA,NA,1577.96,-0.0072789943519389
1995-05-01,0.209,152.1,0.549999999999999,5.67,0.00873439124020159,0.00484952248493453,0.0308247566190643,-0.00374181914599525,NA,NA,1574.85945054945,-0.00196684301065275
1995-06-01,0,152.4,0.6,5.47,0.00896016327010507,0.00325345669729682,0.0292356876738582,0.00213989649666235,NA,NA,1571.65554945055,-0.00203647667732731
1995-07-01,-0.006,152.6,0.629999999999999,5.42,-0.00146767620864985,-0.00418116350215936,0.0328645814647501,0,NA,NA,1568.555,-0.00197474048908397
1995-08-01,-0.091,152.9,0.619999999999999,5.4,0.00703727028322554,0.0130580824157009,0.00311694147449515,0.0294874596055337,NA,NA,1581.68215217391,0.00833412058926175
1995-09-01,0.025,153.1,0.609999999999999,5.28,0.00303217930656352,0.00388894665408568,0.034558928278094,0.0146796352258178,NA,NA,1594.80930434783,0.00826523671437318
1995-10-01,0,153.5,0.63,5.28,-0.00131547495650253,-0.00166267337437986,0.00714479362671838,-0.00012783636962066,NA,NA,1607.513,0.007934093502179
1995-11-01,0.052,153.7,0.66,5.36,0.00828248440998358,0.00252529211532782,0.0214018096946917,0.0138388547678598,NA,NA,1616.21288043478,0.00539742017650369
1995-12-01,-0.171,153.9,0.67,5.14,0.00825368367563861,0.00338823285028322,0.0314710709092401,0.00277008487381547,NA,NA,1624.63211956522,0.00519571782701433
1996-01-01,0.073,154.7,0.66,5,-0.00231754365651149,-0.00539527883120972,-0.000244102882439812,0.00739120182857356,NA,NA,1633.332,0.00534069792939551
1996-02-01,0,155,0.64,4.83,0.00921863944004109,0.0143580872795539,0.0555856866625941,0.000499126538937134,NA,NA,1660.06728571429,0.0162360349882045
1996-03-01,0.056,155.5,0.68,4.96,0.00785946351723332,-0.00144901163629196,-0.00380993974718979,0.000498877535914488,NA,NA,1685.07771428571,0.0149535488687738
1996-04-01,0,156.1,0.69,4.95,0.00668512213903227,0.0099484318420533,0.000154530844663547,-0.000998004074851622,NA,NA,1711.813,0.0157413588030835
1996-05-01,-0.027,156.4,0.680000000000001,5.02,0.00302920149577446,0.00758205013814806,0.0214927258213491,0.00124734954428973,NA,NA,1737.44552747253,0.0148629040887363
1996-06-01,0,156.7,0.69,5.09,0.00114793002580349,0.00743610720902765,0.0109346595735929,0.00385692546554672,NA,NA,1763.93247252747,0.0151297291013446
1996-07-01,-0.04,157,0.699999999999999,5.15,0.00421687946585791,1.59207782077786e-05,-0.0372289806924151,0.000124169615854264,NA,NA,1789.565,0.0144268975877795
1996-08-01,-0.065,157.2,0.72,5.05,0.00438876346842498,0.00505395456066982,0.0284848032207536,-0.00797810265107923,NA,NA,1788.76472826087,-0.000447287876325753
1996-09-01,-0.042,157.7,0.69,5.09,0.00408642590676322,0.0062440205524501,0.0182426782200729,0.00536729741349262,NA,NA,1787.96445652174,-0.000447488032300214
1996-10-01,0,158.2,0.680000000000001,4.99,0.00600466740998051,-0.000190231420376108,0.038628979956373,0.00669977692200963,NA,NA,1787.19,-0.000433243678432227
1996-11-01,0.048,158.7,0.69,5.03,0.00425106214318838,0.00890328714669675,0.047617771369187,-0.0059531367678618,NA,NA,1787.19,0
1996-12-01,-0.029,159.1,0.69,4.91,0.00510728243941116,0.00622139819488332,0.0102508132622381,0.00731242026414591,NA,NA,1787.19,0
