date,MonetaryShock_RR,FEDFUNDS,Output_IP_logdiff,assetprice_sp500_logdiff,RNUSBIS_logdiff,Investment_logdiff,NX GDP RATIO PCT,infl_exp,nfci_creditconditions,inflation_pce_yoy,Consumption_real_logdiff
1971-01-01,-0.682,4.14,0.007661952,0.037489407,-0.012235776,0.035816449,-0.037704594,3.5303,0.6375764105,4.438251535325377,0.013615459412058328
1971-02-01,-0.025,3.72,-0.001907325,0.037989878,-0.002112677,0.009726246,0.128434637,3.5303,0.80137930125,4.328158733422427,0.0018676367909082892
1971-03-01,-0.065,3.71,-0.001083146,0.025317808,-0.001146233,0.008704419,0.102438943,3.5303,0.9801008062500001,4.414931801866473,5.159651639541352e-4
1971-04-01,0.461,4.16,0.005600481,0.033566824,-0.003623673,0.009549472,0.102513262,3.4164,1.2687983388,4.295699199020464,0.005973709782953307
1971-05-01,0.003,4.63,0.005059709,-0.013685453,9.73494e-4,0.003991805,-0.019615422,3.4164,1.42887855125,4.399125260641812,-7.102273025818562e-4
1971-06-01,0.343,4.91,0.004185121,-0.018677276,0.006348668,0.004108193,-0.020561457000000002,3.4164,1.1538786779999999,4.590646241249874,0.008019856642156764
1971-07-01,-0.117,5.31,-0.002905061,-0.007246409,0.00289639,0.003959666,-0.020204819,3.1359,1.0355987417999999,4.523400384109966,-0.0042771161360013465
1971-08-01,0,5.57,-0.005822298,-0.017937701,-0.010041483,-0.009115166,5.06497e-4,3.1359,1.72652424725,4.551870148200421,0.005685732403661881
1971-09-01,0,5.55,0.016121699,0.021969964,-0.023376641,-0.009199017,5.05441e-4,3.1359,2.186052015,4.240477743764726,0.009921295270058916
1971-10-01,-0.322,5.2,0.007459266,-0.021455905,-0.009743737,-0.008983578,4.8813e-4,3.4194,1.8122159716,3.884949565564755,0.0024360547978812264
1971-11-01,-0.342,4.91,0.004232797,-0.04746511,-0.001831838,0.021960569,0.071504406,3.4194,1.38499562175,3.6906242228301522,0.005046527265419876
1971-12-01,-0.92,4.14,0.011477866,0.06660445,-0.01366091,0.020802625,0.063802837,3.4194,1.3287552032,3.639694958898687,0.00643483145772894
1972-01-01,-0.234,3.51,0.023627245,0.040801827,-0.014981554,0.021050869,0.061234057,3.5392,1.1093936,3.844443346345816,1.527067270279403e-4
1972-02-01,-0.086,3.3,0.010041392,0.018225924,-0.011671623,0.019165394,-0.024803039,3.5392,0.72473976125,3.9515175404020386,0.0024020600626033506
1972-03-01,0.252,3.83,0.006891816,0.023486284,-0.008146099,0.017602367,-0.023442231,3.5392,0.415822556,3.7568138290035913,0.01613029590181858
1972-04-01,-0.104,4.17,0.009956078,0.01016175,-0.001637213,0.018479875,-0.025285054,3.3858,0.208588988,3.5073130166805244,0.002918617600341289
1972-05-01,-0.115,4.27,1.38223e-4,-0.01016175,-0.002219328,0.004670253,-0.02792711,3.3858,0.047819234249999995,3.307677318784119,0.004994233480787091
1972-06-01,-0.05,4.46,0.002644383,0.002781643,-0.002805322,0.004803123,-0.029500395,3.3858,0.1026656696,3.006935350889961,0.003229221669248439
1972-07-01,0,4.55,-0.001117924,-0.007434978,0.00406033,0.004626321,-0.029232147,3.6128,0.297987411,3.065615782602382,0.00734740885897045
1972-08-01,0,4.81,0.013837266,0.034833953,-0.007456578,0.002110776,0.012070332,3.6128,0.23235389225,3.066390241550554,0.005356435010400062
1972-09-01,0,4.87,0.00794846,-0.014519311,-0.00233554,0.00210633,0.011793298,3.6128,-0.0317959132,3.3747352204891223,0.0017182448887140822
1972-10-01,0,5.05,0.012622192,0.001826485,0.006216026,0.002034168,0.011156673,3.6999,-0.16404841875,3.3310901749663557,0.01637539761652329
1972-11-01,0.036,5.06,0.01175305,0.048963941,0.004540413,0.019554714,-0.01778055,3.6999,-0.22635760700000002,3.4249532306806607,0.003909126860145218
1972-12-01,-0.027,5.33,0.011079357,0.020637018,-0.001639898,0.018566659,-0.017235636,3.6999,-0.2629051814,3.349419465812997,0.0038225936549411976
1973-01-01,0.279,5.94,0.007203618,0.007630389,-0.003966148,0.018830134,-0.017832303,3.7609,0.03597563949999999,3.235783963835348,0.009722594507316717
1973-02-01,0.225,6.58,0.014195218,-0.036117425,-0.041763441,0.014575595,-0.094519576,3.7609,0.66186922375,3.369987676557029,0.006125485603833081
1973-03-01,0.064,7.09,4.87766e-4,-0.01588736,-0.03078745,0.012984904,-0.093616058,3.7609,1.18037426,3.9568345323740983,0.0012977221539585138
1973-04-01,-0.063,7.12,-0.001472972,-0.018860011,2.0842e-4,0.014182166,-0.113544112,3.7723,1.2309105615,4.569943289224954,-0.00393341800952518
1973-05-01,0.317,7.84,0.006791599,-0.028507678,-0.010579892,-0.012025742,-0.052050131,3.7723,1.13646081975,4.852171452822174,0.0021091121429197557
1973-06-01,0.409,8.49,0.001347469,-0.022642477,-0.015494314,-0.012580423,-0.056939077,3.7723,1.1777352215999999,5.2921512312255725,-0.002496265689330368
1973-07-01,0.115,10.4,0.003551188,0.009496748,-0.02315369,-0.012327174,-0.058636282,4.0999,1.53899483075,5.2967393854093325,0.007924305141326027
1973-08-01,0.318,10.5,-0.001367078,-0.019084549,0.020047266,0.011930859,-0.073987134,4.0999,2.0909165278,6.202928380970207,-0.012475781641149819
1973-09-01,-0.571,10.78,0.007961236,0.017192401,-0.009702534,0.01179019,-0.079390741,4.0999,2.39428583975,6.147254691938708,0.014569073407864952
1973-10-01,-0.848,10.01,0.008424155,0.039002158,-0.006630099,0.011279015,-0.082935017,5.3651,2.29338790275,6.62883193003676,-0.006889464030208181
1973-11-01,-0.095,10.03,0.004533083,-0.073687716,0.022109286,-0.01943021,-0.11872515,5.3651,2.120523616,7.184267891099672,0.0017881252244418278
1973-12-01,-0.165,9.95,-0.002876767,-0.073414397,0.003088559,-0.019169869,-0.131121398,5.3651,1.9170167615,7.720758206195111,-0.008513384283124203
1974-01-01,-0.206,9.65,-0.006611096,0.013934952,0.013729226,-0.020202656,-0.156835653,5.6522,1.3159205864999999,8.425904586310207,-5.654309794778101e-4
1974-02-01,0.201,8.97,-0.00317247,-0.028066835,-0.030565182,-0.001375561,0.033382764,5.6522,0.6410544095,9.115502774084083,-0.005778621061089506
1974-03-01,0.733,9.35,3.96e-5,0.04181027,-0.016794288,-0.00124407,0.029132732,5.6522,0.5735182622,9.602076124567493,0.0015631664402251388
1974-04-01,0.387,10.51,-0.002919974,-0.052460685,-0.020442885,-0.001379171,0.031292325,5.6126,1.4396979722499998,9.56297735797893,0.0033313281685627416
1974-05-01,0.392,11.31,0.007892451,-0.030639854,-0.002472467,-0.017234146,0.123712011,5.6126,2.9457329152,10.100737542723515,0.00289701668786968
1974-06-01,0.28,11.93,-0.001765063,0.001337346,0.01130082,-0.018126254,0.114487464,5.6126,4.44083210225,10.405580646603774,-0.002366447020470286
1974-07-01,-0.091,12.92,0.002152259,-0.124109386,0.003775685,-0.017860027,0.100048739,6.647,5.12245174575,10.818036000712894,0.003283263615597054
1974-08-01,-0.022,12.01,-0.010675276,-0.042236225,0.016053121,0.002043171,-0.090501745,6.647,4.8782331608,10.699026560366477,0.007444377381268463
1974-09-01,-0.43,11.34,-2.21e-6,-0.109857143,0.002070281,0.002039005,-0.099768478,6.647,4.216924714,11.407010924406613,-0.010055989947348465
1974-10-01,-0.284,10.06,-0.00272718,0.019192215,-0.007648639,0.00196928,-0.107527622,7.6814,3.53277664475,11.574033679434592,-0.0027601843490923095
1974-11-01,0.336,9.45,-0.033482541,0.032585402,-0.008260414,-0.055805248,-0.402235826,7.6814,2.8950466390000003,11.497187364777162,-0.010651852552984842
1974-12-01,-0.229,8.53,-0.036756701,-0.067311622,0.003202123,-0.057142354,-0.656494226,7.6814,2.55452087825,11.463519313304715,-0.001935900798189838
1975-01-01,-0.354,7.13,-0.014025462,0.078676956,-0.012982152,-0.06269142,-1.991005013,7.2412,2.0376599144,11.091272371721296,0.008112837335224832
1975-02-01,0.243,6.24,-0.023203101,0.098862048,-0.011118089,-0.010307498,0.868402339,7.2412,1.33704842225,10.408875068285916,0.0086829174161549
1975-03-01,-0.499,5.54,-0.011236115,0.044918461,-0.008961548,-0.009402208,0.417846615,7.2412,0.832839941,9.512732106509358,-0.0021194681006297955
1975-04-01,-0.637,5.49,0.002331059,0.011157386,0.004093706,-0.010513754,0.324762773,5.5917,0.43244356425,9.111908592170948,0.0011309419830625167
1975-05-01,0.136,5.22,-0.003292488,0.061568463,-0.004549598,0.025236904,-0.440988953,5.5917,0.04975691880000001,8.47969937096642,0.019795008805270964
1975-06-01,0.17,5.55,0.006273798,0.025206814,9.11577e-4,0.025425826,-0.805920177,5.5917,-0.15228976525,8.238153098420398,0.001418808093357704
1975-07-01,0.07,6.1,0.010427798,9.73552e-4,0.025192515,0.024005023,-3.973224714,5.9454,-0.165372576,8.366838211643612,0.0040377602180785566
1975-08-01,-0.136,6.14,0.009789905,-0.076131026,0.01247188,0.009361193,-0.032412645,5.9454,-0.11350891960000001,7.7112844182715135,0.0025797589335190274
1975-09-01,-0.114,6.24,0.012827414,-0.012208157,1.09679e-4,0.009274374,-0.033197047,5.9454,0.00597205625,7.131886740440274,0.002538856134389089
1975-10-01,-0.2,5.82,0.004388584,0.045031852,-0.003185591,0.008894039,-0.032936436,6.2087,0.125221225,6.987292277614854,-6.853305009046906e-5
1975-11-01,-0.281,5.22,0.001343161,0.016793946,0.002088257,0.031995051,1.145633171,6.2087,0.104898098,6.873132301005169,0.007544629113321655
1975-12-01,0.28,5.2,0.013561886,-0.015327256,0.006566012,0.030017786,0.509119835,6.2087,-0.08739476425,6.6189211043086615,0.009511470152734791
1976-01-01,-0.091,4.87,0.013103721,0.088006748,-0.01185004,0.030099871,0.343522426,6.1832,-0.4049639486,6.363845094137455,0.009855599200517151
1976-02-01,-0.469,4.77,0.009758929,0.037885621,-0.008980603,0.013392772,0.135168332,6.1832,-0.6448572025,5.926010504681423,-8.342928184110754e-4
1976-03-01,-0.239,4.84,0.002160119,0.004957868,0.00111309,0.012368394,0.110855195,6.1832,-0.736406254,5.727724462314621,0.004962128240177943
1976-04-01,0.139,4.82,0.004949036,0.007881814,-0.003566258,0.013054378,0.106162849,5.9002,-0.6922490302,5.610161802510194,0.007116996557631872
1976-05-01,-0.298,5.29,0.004241815,-0.006893183,0.002341791,0.001148093,0.042255093,5.9002,-0.5357047715,5.689434445364849,-0.007183439532973068
1976-06-01,-0.038,5.48,0.001026373,0.005911347,0.004223636,0.00118498,0.041740224,5.9002,-0.46868439775000004,5.493189642269125,0.011363758650315248
1976-07-01,-0.139,5.31,0.005679449,0.023302025,-0.004780708,0.001145419,0.038633767,6.055,-0.5630920922,5.127444069305831,0.002886383531078618
1976-08-01,-0.044,5.29,0.006854352,-0.008674753,3.3428e-4,0.002517812,0.064175974,6.055,-0.68251380375,5.249353527890643,0.001767073989707768
1976-09-01,0.019,5.25,0.003451051,0.021073577,0.018106037,0.002511489,0.060013542,6.055,-0.7225181065,5.319070724893393,0.003720266667219807
1976-10-01,-0.041,5.02,-3.04487e-4,-0.034719013,0.002076617,0.002424482,0.054528886,5.729,-0.7055511324,5.259118485490832,0.0015622968937343273
1976-11-01,0.03,4.95,0.015127342,-0.006893183,0.011398918,0.015490486,0.138048429,5.729,-0.67107669225,5.062096012782336,0.0057723025663531935
1976-12-01,-0.131,4.65,0.010753806,0.034000361,-0.013694378,0.014765731,0.116473686,5.729,-0.7099507074,5.070422535211261,0.01317034231029135
1977-01-01,-0.097,4.61,-0.00702229,-0.008633147,-0.011446306,0.015032274,0.106962314,5.644,-0.8505501025,5.281525454218383,-0.0028762283738190675
1977-02-01,-0.085,4.68,0.015675669,-0.027345454,0.005959625,0.024393647,-0.028132813,5.644,-0.9402813535000001,5.9681649958679195,0.0055532648377640825
1977-03-01,-0.228,4.69,0.012699238,-0.003968259,-0.0013212950000000001,0.021532905,-0.025817176,5.644,-0.8972471195,6.33946830265848,6.681408434867642e-4
1977-04-01,-0.049,4.73,0.009563572,-0.015527485,-0.007076544,0.02331133,-0.028974394,6.2678,-0.7356184752,6.715349369988544,0.00139846826974388
1977-05-01,-0.051,5.35,0.007853838,-0.002932109,-0.002889212,0.016544763,-0.042463648,6.2678,-0.5657020185,6.747657558160247,0.0027594099054502053
1977-06-01,-0.146,5.39,0.007746814,0.005352197,-0.001670658,0.016813464,-0.045277721,6.2678,-0.49479594525000004,6.877837684449495,-3.8015586848283434e-4
1977-07-01,-0.24,5.42,0.001278041,0.009123328,-0.011886213,0.016006284,-0.045350262,5.8989,-0.5041802662,6.889006529027708,0.008078811927715979
1977-08-01,0.03,5.9,9.87593e-4,-0.02475499,0.001014713,-0.008488581,0.084988201,5.8989,-0.50007138225,6.798638166438531,-5.659131788720018e-4
1977-09-01,0.073,6.14,0.004114507,-0.015672039,-0.002934208,-0.008561255,0.078329939,5.8989,-0.4271167296,6.603608949076811,0.0031085667547308127
1977-10-01,-0.026,6.47,0.001410461,-0.026216167,-0.013540629,-0.008355462,0.070295892,5.9557,-0.3097192815,6.541439533349536,0.008335853204654686
1977-11-01,-0.048,6.51,0.001837644,0.005744086,-0.008398094,0.006545695,0.079541334,5.9557,-0.23114895024999998,6.667357942762342,0.006075277504387966
1977-12-01,-0.122,6.56,0.001788972,-0.004891025,-0.015601667,0.006294008,0.071152985,5.9557,-0.235158289,6.5889874200866005,0.001975797135716828
1978-01-01,-0.205,6.7,-0.014828455,-0.038794456,-0.01002426,0.006462457,0.068495654,5.9044,-0.287011692,6.598776612104018,-0.010759626910083586
1978-02-01,0.106,6.78,0.005342239,-0.014171972,-0.003443162,0.022125383,-0.12495095,5.9044,-0.25509219650000003,6.262715312627143,0.014484484608426662
1978-03-01,0.042,6.79,0.018987319,-0.001799776,-0.008120417,0.019571973,-0.125787478,5.9044,-0.0696930942,6.417004048583008,0.009936640651777129
1978-04-01,-0.069,6.89,0.020073952,0.042864492,-0.005772022,0.021231306,-0.155417156,6.5327,0.196459771,6.604722930363605,0.006005659714301448
1978-05-01,-0.216,7.36,0.004655225,0.049452533,0.010676045,0.009559145,0.004639307,6.5327,0.43961713975,6.825084270600423,0.0039838285320139555
1978-06-01,0.243,7.6,0.006468073,0.002563184,-0.010314315,0.009782715,0.004739857,6.5327,0.6183290912,6.923102452623531,0.003247732451129526
1978-07-01,-0.142,7.81,-8.24775e-4,-0.004824233,-0.026384821,0.009376886,0.004534848,6.9055,0.6077011215,6.953478390068346,-0.004754891741701073
1978-08-01,-0.064,8.04,0.004095413,0.066761073,-0.018867305,0.007762113,-0.046350132,6.9055,0.497305173,6.996845011173924,0.008979174129272405
1978-09-01,-0.156,8.45,0.002530994,0,0.002645338,0.007702327,-0.048166578,6.9055,0.655167433,7.199685689028579,-0.0016157025835448202
1978-10-01,0.133,8.96,0.007470883,-0.03227664,-0.017385122,0.007397801,-0.048540959,7.0927,1.3149162572500002,7.554179566563479,0.0017053873416799092
1978-11-01,0.168,9.76,0.007686567,-0.060332666,0.022529747,5.59706e-4,-0.008940752,7.0927,1.8933248599999999,7.546741842454874,0.003610596984720882
1978-12-01,-0.042,10.03,0.004974885,0.014673778,0.005118293,5.41352e-4,-0.008720013,7.0927,1.8897319678,7.526361613620969,0.006028318601964955
1979-01-01,0,10.07,-0.005431898,0.036772604,-0.001245951,5.5909e-4,-0.00907914,7.3262,1.34462502925,7.703404500865552,-0.003618571351709843
1979-02-01,-0.152,10.06,0.004780547,-0.014954305,0.010418053,-3.10338e-4,0.007781874,7.3262,0.7812962075000001,7.776253230798691,0.004861285361982048
1979-03-01,0.133,10.09,0.003260209,0.018858019,0.00295676,-2.80388e-4,0.006969637,7.3262,0.3695150108,7.919599264472765,9.753359031767772e-4
1979-04-01,-0.064,10.01,-0.012087455,0.019783039,0.01028035,-3.10521e-4,0.00765762,7.9278,0.25102397575,8.225040118309689,-0.005658352256753929
1979-05-01,0.105,10.24,0.009027707,-0.023486191,0.009693521,-0.00556725,-0.114772295,7.9278,0.373233376,8.569732566858267,0.0028183657311737775
1979-06-01,0,10.29,2.10055e-4,0.019560769,0.003971363,-0.005785573,-0.133310825,7.9278,0.6793183528000001,8.756246702051707,0.002574080152601077
1979-07-01,0.761,10.47,-0.00167396,0.009784814,-0.017446529,-0.005630994,-0.148118659,8.0251,1.038181145,8.989596517766184,-9.755954122603328e-4
1979-08-01,0.322,10.94,-0.006609363,0.044748065,0.009124706,-0.005995181,-0.132148001,8.0251,1.461597448,9.269895874927059,0.010767343375838845
1979-09-01,-0.224,11.43,-1.6905e-4,0.011111225,0,-0.00603134,-0.152014048,8.0251,1.99306358925,9.611508154663762,0.0024549213018811855
1979-10-01,0,13.77,0.007235752,-0.038484336,0.011679141,-0.005871622,-0.173195182,8.1871,2.3967709525,9.632457655364668,-0.003421005953333278
1979-11-01,0.045,13.18,-0.001550395,-0.007684956,0.020379852,-0.002307108,-0.160836902,8.1871,2.4264353826,9.77101536607412,0.0025449400171480008
1979-12-01,0,13.78,6.70267e-4,0.038775543,-0.012748048,-0.002237765,-0.185094707,8.1871,2.03049440175,10.178437546858587,-0.002984378129362586
1980-01-01,-0.011,13.82,0.005394036,0.028351236,-0.003689382,-0.00231763,-0.234219675,8.6957,1.76729327675,10.497961127481625,0.007996773877930519
1980-02-01,0.197,14.13,2.70764e-4,0.038908533,0.009611465,-0.029393617,-1.089706787,8.6957,2.2167128957999997,11.10255802936997,-0.008377776505596124
1980-03-01,1.422,17.19,-0.004078811,-0.096438309,0.030585558,-0.028302119,11.52022915,8.6957,3.35587117825,11.595182138660398,-0.008182532776912943
1980-04-01,-3.221,17.61,-0.020063043,-0.01637013,0.00468492,-0.031166863,0.997229863,8.8416,3.939582425,11.019043465619994,-0.012819735064327542
1980-05-01,-0.764,10.98,-0.02490851,0.044620596,-0.038345583,-0.021998741,0.341475316,8.8416,3.2605981042,10.736381686857932,-0.004891452728522427
1980-06-01,0,9.47,-0.013006439,0.06209822,-0.017807462,-0.023252162,0.263246871,8.8416,1.92907777375,10.522860893886655,0.004681881301322743
1980-07-01,0.403,9.03,-0.007058821,0.044375881,-0.008476679,-0.023028884,0.201827728,8.934,1.01929969775,10.539583628381255,0.008556616462382483
1980-08-01,-0.198,9.61,0.003130645,0.03041747,0.010404159,0.030922611,-0.143570199,8.934,0.7984091044,10.614195361911438,0.001186767681196077
1980-09-01,0.771,10.87,0.016365779,0.024001152,-0.013937086,0.029995015,-0.165557305,8.934,1.07790048575,10.660648109448578,2.075396185756695e-4
1980-10-01,1.218,12.81,0.012631544,0.028829422,0.002681294,0.028195169,-0.189673775,9.3725,1.6281111226,10.643413852191696,0.012403488176618183
1980-11-01,1.871,15.85,0.016603508,0.041374837,0.01952575,0.030711202,-0.096920015,9.3725,2.5311775535,10.775944885131628,-0.0027854762846004633
1980-12-01,-0.634,18.9,0.006634667,-0.016345089,0.010685131,0.028848626,-0.10252762,9.3725,3.20828124325,10.566428046490127,0.007051245623529656
1981-01-01,0,19.08,-0.00643089,-0.0037523500000000002,-0.015710868,0.028960914,-0.116544242,9.0619,3.0173490972,10.470315698739352,2.623639002323763e-4
1981-02-01,-0.783,15.93,-0.004270343,-0.035198737,0.028034245,-0.014378719,0.027868629,9.0619,2.2175092695,10.392794329265032,-0.00250985101839607
1981-03-01,0.307,14.7,0.005075246,0.036701367,0.001981006,-0.01316736,0.024608738,9.0619,1.7292380015,9.813883697054248,0.0029178358703325635
1981-04-01,0,15.72,-0.004406495,0.00896867,0.012839226,-0.014783285,0.026721165,8.6787,1.7840769075,9.721094670682184,-0.00359014410512426
1981-05-01,1.515,18.52,0.005715282,-0.020293819,0.027097628,0.018410661,-0.063081272,8.6787,2.3634431814,9.362818980302489,4.67740529474181e-4
1981-06-01,0,19.1,0.005081934,0.004545462,0.017738824,0.018674828,-0.069018689,8.6787,3.090065999,9.1103938024532,0.006757766534693399
1981-07-01,-0.611,19.04,0.006533741,-0.024484773,0.026138899,0.017746309,-0.071174864,7.8029,3.4797196186,8.92225695690052,-0.002063264466460879
1981-08-01,-0.041,17.82,-0.001247224,0.003865486,0.01729945,-0.011936825,-0.15273657,7.8029,3.35628813075,8.698635358694817,0.00632161014903776
1981-09-01,0,15.87,-0.004827568,-0.091229013,-0.020301489,-0.012081036,-0.181603968,7.8029,3.06799585225,8.354525997733852,-0.00658345499291757
1981-10-01,-0.574,15.08,-0.007917138,0.012599915,-0.011773101,-0.011831954,-0.216312678,7.5188,2.8080528516,7.980915744510786,-0.005368357166887883
1981-11-01,-0.356,13.31,-0.011691083,0.025547331,-0.018310911,-0.032391839,-0.196402518,7.5188,2.505407668,7.683540226467445,-0.0019033402035981695
1981-12-01,0.1,12.37,-0.010690428,0.007296344,-0.002548337,-0.032378739,-0.238981929,7.5188,2.17604764875,7.3188744737943345,0.006136243430895583
1982-01-01,0,13.22,-0.020861933,-0.053932605,0.0077357,-0.03459723,-0.327892391,7.0197,1.9349931841999999,6.929848089536961,-0.0017785557571223798
1982-02-01,1.021,14.78,0.020158261,-0.024159933,0.035789538,-2.62163e-4,0.68632259,7.0197,1.95165010225,6.1772799691015345,0.009034849750483076
1982-03-01,-0.435,14.68,-0.006666296,-0.032848049,0.029512397,-2.36851e-4,0.36651112,7.0197,2.06696049325,5.712573414838773,-0.0010995689640518336
1982-04-01,0,14.94,-0.009275242,0.048446285,0.004321884,-2.62294e-4,0.296062132,6.2378,2.1790900256,5.3058691553094395,5.788712173226962e-4
1982-05-01,-0.056,14.45,-0.006679415,8.59476e-4,-0.017087352,-0.003025377,-0.889923291,6.2378,2.44346585975,5.45800166330046,0.0030047405017530338
1982-06-01,0,14.15,-0.002606562,-0.059283168,0.045532005,-0.003135869,-8.375521529,6.2378,2.80070177875,5.800771542849037,-0.005438254652455399
1982-07-01,-0.196,12.59,-0.003292031,-0.002738477,0.011115636,-0.003044103,1.101778715,5.8739,2.9857593022,5.789498447351082,0.0058420503373284305
1982-08-01,-0.211,10.12,-0.009170801,0.002738477,0.02793233,-0.026391613,0.024332359,5.8739,3.198133118,5.45658577640622,7.206584246977066e-4
1982-09-01,0,10.31,-0.002468725,0.109545003,-0.012458513,-0.027107055,0.023747957,5.8739,3.4115615915,5.112355634048282,0.008950402560301995
1982-10-01,-0.242,9.71,-0.009727583,0.080796571,0.009575004,-0.02695136,0.022442828,5.5898,2.7132632598,5.225779587304524,0.004388471650319747
1982-11-01,0.125,9.2,-0.0032538,0.039887119,-0.004147583,0.011606891,0.037739,5.5898,1.4619054230000001,4.979291302347,0.008014656118350949
1982-12-01,0.651,8.95,-0.007099567,0.009369438,-0.018043109,0.011105643,0.034888608,5.5898,0.7259151812,4.814882782034213,0.0042502350942661415
1983-01-01,0,8.68,0.018463803,0.034546967,0.00363476,0.011347714,0.034535753,5.0012,0.33772878275,4.681549722937994,0.0010106398771561054
1983-02-01,0.185,8.51,-0.006294942,0.01717665,0.004598159,0.030048103,0.363626916,5.0012,0.11422628925,4.544731158349435,-2.525642298292219e-4
1983-03-01,0.145,8.77,0.008404652,0.034151293,-0.0017585,0.026385344,0.23731552,5.0012,0.02163232825,4.410630867613041,0.010469838083085659
1983-04-01,0,8.8,0.01258006,0.037472084,0.001953698,0.028422549,0.209251381,4.8237,-0.0502716944,4.834542157751587,0.006119275369894428
1983-05-01,-0.019,8.63,0.006015118,0.039781504,-0.003029861,0.020429778,0.154198278,4.8237,-0.16964183124999999,4.510837727006445,0.005917421315518645
1983-06-01,0,8.98,0.00610741,0.01391853,0.013804049,0.020681248,0.136225628,4.8237,-0.19668363,4.145042949176814,0.009585915851379578
1983-07-01,-0.008,9.37,0.014783412,0.003599284,0.003661949,0.019614935,0.114501367,4.9494,-0.1258645542,4.116168916364615,0.006771973762987216
1983-08-01,-0.234,9.56,0.011758988,-0.027931385,0.012617258,0.032254429,0.05272276,4.9494,-0.08593497,4.238715970559559,0.002642151923949676
1983-09-01,0,9.45,0.014439995,0.029128273,-0.003234709,0.031246506,0.049387936,4.9494,-0.0967646562,4.315433422501291,0.002688896484306369
1983-10-01,0.282,9.48,0.007616782,0.002985968,-0.019145325,0.029336459,0.044928262,5.5327,-0.03677321725,3.9088091102952527,0.007970300825191678
1983-11-01,-0.172,9.34,0.004450101,-0.015019808,0.008800405,0.032046031,0.097494753,5.5327,0.06340553125000001,3.7436436963001807,0.0022618122759645587
1983-12-01,0.217,9.47,0.005008739,-0.004854378,0.010059001,0.030064153,0.084868315,5.5327,0.0866071038,3.6438841835729763,0.010917514167175568
1984-01-01,0.257,9.56,0.019763305,0.012092046,0.005513322,0.030144986,0.079809131,4.9774,-0.040167888,3.611728314381568,0.006316113930517897
1984-02-01,0,9.59,0.004384097,-0.056239718,-0.012880014,0.011017345,0.025730115,4.9774,-0.17465781525000001,4.1318719554627625,-0.013281106206893156
1984-03-01,-0.101,9.91,0.00488382,6.35526e-4,-0.017826475,0.010197806,0.023202003,4.9774,-0.135392434,4.339421844797253,0.008304929158279073
1984-04-01,0,10.29,0.005899393,0.001269841,0.007013471,0.010787315,0.023968286,5.3812,0.1989235,4.261345210040424,0.0068293586556484875
1984-05-01,0.173,10.32,0.005412888,-0.006365394,0.019037206,0.007108705,0.00886436,5.3812,0.68753796025,4.098395998620208,0.005616823587383468
1984-06-01,0,11.06,0.003661011,-0.022603481,0.006076737,0.007292956,0.009021061,5.3812,1.1133696028,3.8962991601692476,0.006719413300781074
1984-07-01,0.327,11.23,0.00276632,-0.013149433,0.02763432,0.007007416,0.008596633,4.746,1.1030168505,3.6821870995300987,-0.004000366657749499
1984-08-01,-0.061,11.64,0.001029678,0.084360613,0.003034067,-0.004380224,0.015485396,4.746,0.731330475,3.5580603998298432,0.003948850803734416
1984-09-01,0,11.3,-0.002965481,0.010287534,0.01765287,-0.004399495,0.015165371,4.746,0.40482032575,3.3358058705097005,0.007212094141816117
1984-10-01,0.035,9.99,-1.10206e-4,-0.007857399,0.006921065,-0.004276085,0.014378886,4.4131,0.17924003324999999,3.4042103036073135,-0.003330091709010219
1984-11-01,-0.546,9.43,0.003363148,0.009060769,-0.01280104,-0.009281633,-0.033038925,4.4131,-0.037224600999999996,3.4036170032958557,0.014317256841184456
1984-12-01,-0.144,8.38,3.22151e-4,-0.010882816,0.015127247,-0.009065003,-0.032854523,4.4131,-0.224973818,3.6382448583132776,0.0015417475346706233
1985-01-01,0,8.35,-1.72045e-4,0.042255617,0.010931985,-0.009454306,-0.034879601,3.993,-0.3631519105,3.7044823816331673,0.008925600130556877
1985-02-01,-0.158,8.5,0.002747347,0.052778205,0.024535216,0.005849585,0.066101312,3.993,-0.38058961599999996,3.489683401553756,0.0037226311244058508
1985-03-01,0.201,8.58,0.001510291,-0.008326443,0.003616018,0.005254245,0.055681176,3.993,-0.3020565262,3.5552965175579265,-9.980040748511776e-4
1985-04-01,0,8.27,-0.00217861,0.006666691,-0.034002314,0.005785178,0.05806137,4.329,-0.31237230525,3.311629064366284,0.002717223624001175
1985-05-01,-0.104,7.97,0.001452934,0.023530497,0.005674277,-0.002249978,-0.004211698,4.329,-0.4270286058,3.4254944599772186,0.011411156137961953
1985-06-01,0,7.53,-4.85293e-4,0.021402636,-0.008612706,-0.002330308,-0.004326204,4.329,-0.466355407,3.522771908788336,-0.005305706813827804
1985-07-01,0.06,7.88,-0.004743077,0.018878379,-0.011660371,-0.00226031899999999,-0.00416244,4.2132,-0.37736492,3.407218193803563,0.007272759329080003
1985-08-01,0.186,7.9,0.003037209,-0.022059718,-0.00933612,0.012342877,0.018228361,4.2132,-0.219286336,3.4317047624915276,0.010020858632021845
1985-09-01,0,7.92,0.003377861,-0.022557347,0.010958766,0.012192386,0.017812791,4.2132,-0.142181308,3.4660267847987036,0.013646730715667577
1985-10-01,0.104,7.99,-0.003114668,0.011342277,-0.042598778,0.011659211,0.016853628,3.9744,-0.2306216825,3.3944428530507054,-0.015667253087160216
1985-11-01,0.021,8.05,0.003511742,0.058917219,-0.001505033,-9.88e-5,-0.028985673,3.9744,-0.3362989452,3.5490264184868225,0.0026526182766222206
1985-12-01,-0.069,8.27,0.009583811,0.048428435,-0.011741447,-9.56e-5,-0.028710239,3.9744,-0.30293415575,3.6042460422566647,0.010997488387797905
1986-01-01,0,8.14,0.005520329,0.004332137,-0.01709936,-9.88e-5,-0.030356824,3.3333,-0.2645017986,3.5640433037343433,0.0010090818212451502
1986-02-01,-0.11,7.86,-0.007043823,0.052397392,-0.036608103,-0.006031564,0.041784841,3.3333,-0.29991412100000003,3.085460599334078,-0.0024764688131160284
1986-03-01,0,7.48,-0.007148372,0.057133092,-0.023181193,-0.005479311,0.036120765,3.3333,-0.33488059275,2.4583408711732924,0.0034125624908329932
1986-04-01,0.207,6.99,0.001432678,0.024241034,-0.011691199,-0.006101608,0.03848328,3.1524,-0.400859025,2.101523453965193,0.006146800664636576
1986-05-01,0.076,6.85,0.001475983,0.002098637,-0.016685418,-0.008907562,0.009707087,3.1524,-0.4809896898,2.04649672600572,0.005990746551039816
1986-06-01,0,6.92,-0.004037339,0.028112641,0.016373162,-0.009288604,0.009870924,3.1524,-0.4697013305,2.1487768347478786,-0.002254203856538517
1986-07-01,-0.168,6.56,0.006512386,-0.021010042,-0.024554687,-0.009071874,0.009399052,2.6155,-0.47852681025,1.9243794573488904,0.00655864264871564
1986-08-01,-0.234,6.17,-0.001856617,0.019786301,-0.013317778,0.001008058,-0.022295177,2.6155,-0.57352875,1.7155110793424022,0.004779347288681013
1986-09-01,0.001,5.89,0.002549474,-0.027727826,6.48508e-4,0.001007043,-0.022721453,2.6155,-0.5850123522499999,1.8771432535828358,0.02167709901088921
1986-10-01,0,5.85,0.004253341,-0.003783902,5.40103e-4,9.73593e-4,-0.022420135,3.1115,-0.5510632246,1.8898541547107905,-0.014982160733738592
1986-11-01,0.021,6.04,0.003998607,0.031919808,0.013302063,0.009052249,-0.010281903,3.1115,-0.56326447925,1.7758484609313285,-0.0033184578605447435
1986-12-01,-0.082,6.91,0.009439539,0.014178889,-0.008454221,0.008682905,-0.01000439,3.1115,-0.5389695425,1.5752212389380515,0.021810963941065076
1987-01-01,0,6.43,-0.003493735,0.061996072,-0.031883911,0.008893827,-0.010391354,3.7037,-0.5023646924,1.585623678646919,-0.025422346052392353
1987-02-01,0.176,6.1,0.013094912,0.060157483,-0.010596273,1.79367e-4,-0.009696974,3.7037,-0.47572848700000003,1.94189961631821,0.018804370705602924
1987-03-01,0.191,6.13,0.001447195,0.040465933,-0.007315322,1.61982e-4,-0.008782247,3.7037,-0.306628645,2.436631876324258,0.0011981568253651709
1987-04-01,0,6.37,0.006311114,-0.011000455,-0.023428304,1.79306e-4,-0.009740756,3.9182,0.11092869175,3.029409451914744,0.004732486031652439
1987-05-01,0.238,6.85,0.006302767,-6.91563e-4,-0.009293747,4.81e-5,-0.018323154,3.9182,0.536919895,3.1023724024253907,5.957154489379946e-4
1987-06-01,0,6.73,0.005166029,0.041665637,0.012065112,4.97e-5,-0.019175862,3.9182,0.510417827,3.1084436276905603,0.004182911046418436
1987-07-01,-0.041,6.58,0.006797065,0.02845654,0.011465386,4.81e-5,-0.018811059,4.142,0.1818126438,3.3206942381361904,0.004846701563376854
1987-08-01,-0.021,6.73,0.007478082,0.060377992,-0.00251113,0.022699793,-0.012660961,4.142,-0.0017360342499999981,3.599593972046544,0.007620592026540862
1987-09-01,-0.147,7.22,0.003931774,-0.033022596,-0.017524082,0.022195929,-0.012676638,4.142,0.28471788924999997,3.6092302902949625,-0.004719279868513837
1987-10-01,0,7.29,0.013233495,-0.128746588,-0.00419581,0.021020808,-0.012286161,3.6195,0.8852438986,3.7523306401491707,-6.112953992274406e-4
1987-11-01,-0.085,6.69,0.004865946,-0.134245423,-0.028671553,-0.016307922,-0.068730335,3.6195,1.125957984,3.7630864676231113,0.001176976664241547
1987-12-01,-0.18,6.77,0.005592547,-0.016461277,-0.024085826,-0.01603919,-0.071178153,3.6195,0.94356781425,3.8121236762114874,0.007616766587600132
1988-01-01,0,6.83,-1.97008e-4,0.038661987,-0.009774281,-0.016848602,-0.078917162,3.761,0.5398840446000001,3.7268277642887426,0.008539036148271784
1988-02-01,-0.224,6.58,0.004999271,0.029888186,0.003227411,0.008083872,-0.06541292,3.761,0.19622792625000002,3.5179353252938084,9.344131675699252e-4
1988-03-01,0.018,6.58,0.002464822,0.029020746,-0.016242236,0.007503625,-0.064913282,3.761,0.11162586775,3.598651702608513,0.008635249832654956
1988-04-01,0,6.87,0.005784379,-0.011735891,-0.010891698,0.007959338,-0.073572498,3.9435,0.20060506919999999,3.7150107805911325,-0.004109050097345968
1988-05-01,0.188,7.09,-0.002018273,-0.025063969,6.36497e-4,0.001829793,0.012656334,3.9435,0.24951453750000002,3.753187925849799,0.00646523065339677
1988-06-01,0.308,7.51,0.002896927,0.055443203,0.014528712,0.001887275,0.012864229,3.9435,0.27075312975,3.8015964809161806,0.0032718159202831387
1988-07-01,0,7.75,1.46911e-4,-0.005928139,0.025753559,0.001823011,0.01224314,4.1838,0.378283437,4.065225204774614,0.002408584479491438
1988-08-01,-0.182,8.01,0.005001679,-0.020270964,0.009610195,0.005128843,0.005643098,4.1838,0.41587915575,3.962541453120272,0.004560389317294078
1988-09-01,-0.067,8.19,-0.003129633,0.016174887,0.003987198,0.005102673,0.005561492,4.1838,0.3033440656,4.118232521455001,-0.002790496687594679
1988-10-01,0,8.3,0.004301536,0.034473527,-0.024412295,0.004913402,0.005305657,4.3689,0.2037452035,4.127667540247093,0.008153371181109925
1988-11-01,-0.009,8.35,0.002415756,-0.023341687,-0.02603727,0.01137192,-0.045952989,4.3689,0.15958097,4.172194092038639,0.0025303055271757025
1988-12-01,0.446,8.76,0.004519309,0.020092,-0.004958373,0.010883307,-0.046300597,4.3689,0.14134321460000002,4.304364043267439,0.005428240108161564
1989-01-01,0,9.12,0.002945349,0.031680884,0.018186912,0.011123017,-0.04983202,4.5564,0.15740990075,4.434495058333954,0.001781441291872632
1989-02-01,0.297,9.36,-0.004434997,0.029688062,0.004869227,-0.003337458,-0.083371181,4.5564,0.30519662825,4.626400534243524,-0.002103727377274822
1989-03-01,0.061,9.85,0.002497608,-0.004431574,0.011762657,-0.003024082,-0.081743198,4.5564,0.610603663,4.656794779361473,-6.448839432433573e-4
1989-04-01,0,9.84,-1.49681e-4,0.032271708,4.92247e-4,-0.003358793,-0.098068524,4.5777,0.678537961,4.843991463683861,0.00591730388981615
1989-05-01,0.153,9.81,-0.005701295,0.037654562,0.02310695,-0.002964187,-0.034782009,4.5777,0.44883166950000003,4.921671497230062,-0.0011763826524808785
1989-06-01,0,9.53,-7.61e-5,0.030742697,0.018698812,-0.003072252,-0.037052592,4.5777,0.2772077472,4.705366602126193,0.001966989430913557
1989-07-01,0.075,9.24,-0.00969396,0.025016558,-0.020985628,-0.002982161,-0.037053541,4.3205,0.222560526,4.448120410092349,0.0029645449597532902
1989-08-01,-0.139,8.99,0.00975062,0.043337659,0.003968498,-0.002502705,0.014775798,4.3205,0.2085001175,4.152242863615774,0.009558701508777023
1989-09-01,0,9.02,-0.003138967,0.002017582,0.009555734,-0.002508984,0.014541349,4.3205,0.32490043739999996,3.877786595483723,-0.001879084657762764
1989-10-01,-0.087,8.84,-0.001348758,2.87894e-4,-0.017387572,-0.002434058,0.013852496,3.9844,0.34439480425,3.9442696629213625,-6.764898890212478e-4
1989-11-01,0.108,8.55,0.003373352,-0.020943174,0.003863339,0.003340612,-0.028875239,3.9844,0.17017664075,3.929762886967758,4.8627335863127286e-4
1989-12-01,-0.067,8.45,0.005469228,0.024391453,-0.014198406,0.00322226,-0.028567645,3.9844,0.0317258148,3.906808754112445,0.008251636093428605
1990-01-01,0,8.23,-0.005070633,-0.025067755,-0.005023597,0.003318796,-0.030170195,4.0217,0.0471829385,4.1590322867562035,0.004976903269752864
1990-02-01,0.313,8.24,0.009040641,-0.028402017,0.001350273,1.07453e-4,-0.051743957,4.0217,0.0556000835,4.271125137406484,-0.005060760712150003
1990-03-01,-0.094,8.28,0.004969203,0.023950555,0.018233154,9.7e-5,-0.049169771,4.0217,0.0524012572,4.276478485126822,0.0033697196928819118
1990-04-01,0,8.26,-0.00262325,-8.27619e-4,-0.002532716,1.07431e-4,-0.057117343,3.8168,0.10211069075,3.8042429240730646,0.0018996133424771244
1990-05-01,0.044,8.18,0.003036903,0.035068887,-0.013617232,-0.006411348,-0.048218687,3.8168,0.04509188875,3.659282829519017,-7.093234603625653e-4
1990-06-01,0,8.29,0.003385835,0.028539593,0.005615249,-0.006668528,-0.052326882,3.8168,-0.1161084068,3.8903038972820214,0.003167197179968717
1990-07-01,-0.066,8.15,-0.001748873,-9.99417e-4,-0.02028966,-0.006496033,-0.053411172,4.384,-0.12166863775,3.8984319253728694,0.002036702909088639
1990-08-01,0.15,8.13,0.00348675,-0.084824558,-0.016154631,-0.019029761,-0.179220784,4.384,0.07172328280000001,4.576619218320399,3.113745133984658e-4
1990-09-01,0,8.2,7.63e-5,-0.047489423,-0.01155495,-0.019398929,-0.219702385,4.384,0.3053716545,4.98489425981874,-4.774805724987452e-4
1990-10-01,-0.119,8.11,-0.005859653,-0.026634829,-0.025612576,-0.019138407,-0.27413954,4.2649,0.43387501275,5.174769539424751,-0.0056014389485898874
1990-11-01,-0.018,7.81,-0.012797144,0.0262543,-0.006441034,-0.011275345,-0.188417995,4.2649,0.45414794199999997,5.078954180688577,-9.192137192255423e-4
1990-12-01,-0.159,7.31,-0.007366597,0.041804733,0.009972527,-0.011034023,-0.225371548,4.2649,0.498852851,4.873264157761614,-0.003664350014492168
1991-01-01,0,6.91,-0.003261191,-0.009965844,-0.004842624,-0.01153119,-0.301576693,3.4944,0.45843560975,4.481410004611219,-0.009040109610352065
1991-02-01,-0.251,6.25,-0.007415936,0.107030447,-0.014537061,-1.18e-6,-0.462154092,3.4944,0.2081309325,4.0757681386135225,0.006162047058394293
1991-03-01,0.227,6.12,-0.005771039,0.027284073,0.03710904,-1.07e-6,-0.772166787,3.4944,-0.066057969,3.706401504243373,0.011691636447886289
1991-04-01,0,5.91,0.002635144,0.019682533,0.012365509,-1.18e-6,-3.733270923,3.3824,-0.2126324685,3.676657031289632,-0.0033116406209265925
1991-05-01,0.262,5.78,0.009370151,-0.004461052,0.002277905,0.006506121,-0.319929342,3.3824,-0.2468887408,3.872491145218415,0.0025419857835116133
1991-06-01,0,5.9,0.008070413,7.93357e-4,0.016672276,0.006678816,-0.484475431,3.3824,-0.2510215005,3.5901397098334176,1.6646205743908737e-4
1991-07-01,-0.077,5.82,0.002796692,0.005115236,-0.003362185,0.006421174,-0.906391185,3.3528,-0.358353616,3.4975460225464383,0.004856796595579915
1991-08-01,0.14,5.66,-1.13e-5,0.02383076,-0.010280933,0.01187742,0.998802183,3.3528,-0.5059540108,3.0534478168264156,-0.0015126244841816572
1991-09-01,0,5.45,0.007901659,-0.005665738,-0.011534446,0.011738002,0.498529376,3.3528,-0.5572242705,2.776813032332748,4.76827242088973e-4
1991-10-01,-0.035,5.21,-5.46602e-4,-8.26788e-4,-0.012056065,0.011229659,0.32120606,3.193,-0.574025412,2.3827925868675104,-0.004029081255274125
1991-11-01,-0.121,4.81,-0.001583616,-0.002484473,-0.01599826,-0.006244318,6.458567204,3.193,-0.6114504438,2.478320851399296,0.004712827798430741
1991-12-01,0.113,4.43,-0.004874384,0.006688815,-0.009352634,-0.006080242,0.831393046,3.193,-0.65469930875,2.6384444991385703,0.0017176623326404794
1992-01-01,0,4.03,-0.005251264,0.06855864,-0.004642842,-0.006321998,0.46542002,3.2498,-0.6655252375999999,2.388152410219524,0.01447203260853458
1992-02-01,-0.004,4.06,0.00703489,-0.0084959,0.01713725,0.019082312,-0.482807695,3.2498,-0.6583875715,2.596065873741993,0.0011202657219513412
1992-03-01,-0.126,3.98,0.008489522,-0.012684334,0.021720311,0.017527446,-0.867090839,3.2498,-0.6725516300000001,2.8225608859705043,0.0018304593461064833
1992-04-01,0,3.73,0.007561467,1.22734e-4,-0.007445477,0.018402619,-6.924539373,3.1074,-0.7321036940000001,2.9136502967455735,8.327663556206844e-4
1992-05-01,0.148,3.82,0.003285691,0.018000535,-0.011012614,0.002617056,-0.385850197,3.1074,-0.8265494760000001,2.625596726528756,0.0051638886353564395
1992-06-01,0,3.76,5.11722e-4,-0.015891864,-0.014434052,0.002697116,-0.644937666,3.1074,-0.89824593475,2.6341384341060037,0.0027029224136940755
1992-07-01,-0.088,3.25,0.009164938,0.016470275,-0.015987551,0.002603204,-1.746283986,2.7909,-0.938276427,2.8112709793322255,0.0033182200560175623
1992-08-01,-0.003,3.3,-0.005607555,0.006914959,-0.004037147,0.010228454,-8.580636414,2.7909,-0.92066242,2.709466987453779,0.002486466089552497
1992-09-01,0,3.22,0.003293115,0.001315145,0.00188603,0.010124891,1.124015532,2.7909,-0.8464449242500001,2.524781153450051,0.006487760931138453
1992-10-01,-0.175,3.1,0.006728891,-0.014392893,0.022490801,0.009701632,0.508618317,2.7066,-0.7239017560000001,2.6951493735946075,0.0033570743565132233
1992-11-01,-0.029,3.09,0.003785045,0.024757651,0.033642712,0.007912413,0.368470705,2.7066,-0.70659014425,2.671602801416717,0.0017040167391795258
1992-12-01,-0.237,2.92,0.001687496,0.029822357,0,0.007598022,0.260283455,2.7066,-0.8309644137500001,2.5945997793870967,0.006570857427464993
1993-01-01,0,3.02,0.003832542,-9.41587e-4,0.010253903,0.007791108,0.213176132,2.7802,-0.9425106982,2.704428621603494,-0.001436767717170273
1993-02-01,0.094,3.03,0.004804394,0.014756292,-8.82001e-4,0.00197997,0.084294695,2.7802,-0.9598361332500001,2.598850263547625,0.001849702410534615
1993-03-01,-0.063,3.07,-8.73914e-4,0.018972157,-0.009244668,0.001784997,0.069951163,2.7802,-0.969425043,2.560803189883898,-0.0027166975387347136
1993-04-01,0,2.96,0.002739405,-0.015852734,-0.021085893,0.001972537,0.072108032,2.7558,-0.9935603252,2.557074731855713,0.006719214261821982
1993-05-01,0.335,3,-0.00379158,0.004885582,-0.001300221,-0.002241494,0.114442517,2.7558,-0.9888338535,2.7372118412100743,0.0034793522072495975
1993-06-01,0,3.04,0.002252647,0.00629123,0.002858258,-0.002321501,0.105775062,2.7558,-1.00346365725,2.5902234857458684,0.00362283951300002
1993-07-01,0.009,3.06,0.002693116,-0.001719998,0.011480294,-0.002251757,0.092276551,3.0522,-1.0710820036,2.416409545998355,0.004906866838576551
1993-08-01,0.044,3.03,-0.001206468,0.015176347,-0.00192567,0.017551151,0.050950631,3.0522,-1.09784599725,2.4540552437548158,0.0010055499464654005
1993-09-01,0.159,3.09,0.005291488,0.011189449,-0.005024165,0.017248414,0.048040171,3.0522,-1.0714024,2.393546058104312,0.0057239375744684295
1993-10-01,0,2.99,0.007303652,0.010096063,0.009639558,0.016413442,0.04396477,2.8332,-1.0059772346,2.353842785198146,0.001555404382593828
1993-11-01,-0.087,3.02,0.004559006,-0.002179567,0.009927535,0.012752824,0.067831902,2.8332,-0.945200957,2.346091408591411,0.0027974726042256925
1993-12-01,-0.163,2.96,0.005905271,0.006588887,0.00341362,0.0121885,0.061080895,2.8332,-0.978666771,2.1908501620543364,0.0035144721495532494
1994-01-01,0,3.05,0.002873679,0.014995914,0.002647005,0.012440632,0.059104577,2.7631,-1.0209891722500002,1.977243051669464,0.002722851725567743
1994-02-01,0.224,3.25,5.82732e-4,-0.002985488,-0.005680758,0.016798396,0.022099106,2.7631,-0.9658747599999999,2.059631532384487,0.007992315417179263
1994-03-01,0.313,3.34,0.010149891,-0.016613773,0.002023524,0.014933948,0.019356945,2.7631,-0.84211484975,2.1313176685614943,1.3203685733742532e-4
1994-04-01,0,3.56,0.005896138,-0.036401982,-2.52717e-4,0.016277959,0.020839665,2.8924,-0.743337531,1.980442741723687,0.004216000673685549
1994-05-01,0.287,4.01,0.004590496,0.008172582,-0.0077387,-0.00540007,-0.026874877,2.8924,-0.7257303135,1.8141776908505713,-0.0018046813808627604
1994-06-01,0,4.25,0.00672845,0.008678137,-0.002422698,-0.005610877,-0.02842626,2.8924,-0.72322425,2.0275575398352785,0.005965575040027371
1994-07-01,0.07,4.26,0.001329506,-0.007569858,-0.015697698,-0.005460022,-0.028203841,3.0517,-0.7446867724,2.1857083570297586,-6.548482389399091e-4
1994-08-01,0.417,4.47,0.006681858,0.028047795,1.29676e-4,0.013767425,0.026854748,3.0517,-0.80532811075,2.2464324075494924,0.006566452725489391
1994-09-01,0.041,4.73,0.003140549,0.005841941,-0.009641769,0.013580454,0.025952077,3.0517,-0.7522759826,2.2532879610043244,0.0014863813074370569
1994-10-01,0,4.76,0.008012931,-0.006768615,-0.008150433,0.012969075,0.024295784,3.1029,-0.63415942300000006,2.1056491908989505,0.006200336357589986
1994-11-01,0.549,5.29,0.006812623,-0.006055251,0.005528512,0.003531761,0.016784417,3.1029,-0.54775695825,2.106242469534969,7.377760077904583e-4
1994-12-01,-0.248,5.45,0.010166426,-0.012704821,0.028214632,0.003405998,0.015937365,3.1029,-0.4324730914,2.148455368851221,0.0026514957809049555
1995-01-01,0,5.53,0.001700536,0.021859981,0.029301059,0.003507386,0.016172264,2.8929,-0.45899559075,2.3215047862935156,-3.6778227293865484e-5
1995-02-01,0.501,5.92,-0.001128687,0.03520323,-0.009838799,-0.007179532,-0.015461495,2.8929,-0.5881879965,2.265952916844083,-0.0018590616175471197
1995-03-01,0.241,5.98,0.001660301,0.023035262,-0.017804625,-0.006529343,-0.01415685,2.8929,-0.6416905644,2.1732866220786518,0.005255336326822846
1995-04-01,0,6.05,-0.001727726,0.029490879,-0.045883195,-0.007278994,-0.015867731,2.9362,-0.6581141797500001,2.320684692872832,-0.0016324438001902308
1995-05-01,0.209,6.01,0.004898907,0.030824757,-0.003741819,-0.001966843,-0.159284308,2.9362,-0.70600407875,2.3294156796902055,0.007206645178918336
1995-06-01,0,6,0.003308851,0.029235688,0.002139896,-0.002036477,-0.194668049,2.9362,-0.6962984282,2.1804080154514516,0.007969037516769362
1995-07-01,-0.006,5.85,-0.004189893,0.032864581,0,-0.00197474,-0.232603686,2.5677,-0.6772036889999999,1.9870338893819506,-0.002715769416698599
1995-08-01,-0.091,5.74,0.013169323,0.003116941,0.02948746,0.008334121,-0.010006117,2.5677,-0.7066185595000001,1.9719662634690938,0.004883087126795971
1995-09-01,0.025,5.8,0.004025176,0.034558928,0.014679635,0.008265237,-0.010061207,2.5677,-0.7110034348000001,1.929303831624396,0.0023426388815321886
1995-10-01,0,5.76,-0.001759107,0.007144794,-1.27836e-4,0.007934094,-0.009791623,2.3505,-0.7078646175000001,2.0203229523652944,-0.0038954061881932844
1995-11-01,0.052,5.8,0.002632006,0.02140181,0.013838855,0.00539742,0.179566426,2.3505,-0.74508408875,1.8238035490231175,0.008295517453116297
1995-12-01,-0.171,5.6,0.003464824,0.031471071,0.002770085,0.005195718,0.146592145,2.3505,-0.7521102916,1.9539938200653806,0.006341515164877798
1996-01-01,0.073,5.56,-0.005740079,-2.44103e-4,0.007391202,0.005340698,0.131460713,2.3623,-0.77243245225,1.9738704247173278,-0.0045153249484704006
1996-02-01,0,5.22,0.01452916,0.055585687,4.99127e-4,0.016236035,0.035807272,2.3623,-0.82213608525,1.9540195699372598,0.007644438905134443
1996-03-01,0.056,5.31,-0.001225043,-0.00380994,4.98878e-4,0.014953549,0.03198737,2.3623,-0.7677002158,2.0736232744544836,0.004834391969221308
1996-04-01,0,5.22,0.009901218,1.54531e-4,-9.98004e-4,0.015741359,0.032775135,2.5023,-0.694102688,2.1111226257272797,0.003685323727045109
1996-05-01,-0.027,5.24,0.007445584,0.021492726,0.00124735,0.014862904,0.125961807,2.5023,-0.7095436958,2.1300498144890767,0.001301602561824211
1996-06-01,0,5.27,0.007593378,0.01093466,0.003856925,0.015129729,0.114908467,2.5023,-0.711390349,2.0290325915205853,0.00115946115619181
1996-07-01,-0.04,5.4,1.53746e-4,-0.037228981,1.2417e-4,0.014426898,0.099146276,2.505,-0.7072501905,2.11645674168901,0.0021221934950821364
1996-08-01,-0.065,5.22,0.005105235,0.028484803,-0.007978103,-4.47288e-4,-0.150096708,2.505,-0.741408924,1.9941720138929808,0.0034280750668020943
1996-09-01,-0.042,5.3,0.006239632,0.018242678,0.005367297,-4.47488e-4,-0.175377217,2.505,-0.738562154,2.211927347599074,0.0012737854957789452
1996-10-01,0,5.24,2.96094e-4,0.03862898,0.006699777,-4.33244e-4,-0.204412739,2.565,-0.75118322775,2.2560912998195626,0.0029600759890833217
1996-11-01,0.048,5.31,0.009144785,0.047617771,-0.005953137,0,0,2.565,-0.7827411574,2.44099223987444,0.0024831790489301397
1996-12-01,-0.029,5.29,0.006386648,0.010250813,0.00731242,0,0,2.565,-0.7335309277500001,2.3631039531478937,0.003963760198460342
