Friday_of_Week,NFCI
1/8/71,0.58483019
1/15/71,0.616816653
1/22/71,0.653946241
1/29/71,0.694712558
2/5/71,0.737787551
2/12/71,0.780836418
2/19/71,0.822793885
2/26/71,0.864099351
3/5/71,0.906358076
3/12/71,0.951643882
3/19/71,1.002166378
3/26/71,1.060234889
4/2/71,1.12597299
4/9/71,1.198316569
4/16/71,1.27301642
4/23/71,1.343645565
4/30/71,1.40304015
5/7/71,1.443158324
5/14/71,1.455270162
5/21/71,1.434744967
5/28/71,1.382340752
6/4/71,1.302521678
6/11/71,1.202887074
6/18/71,1.099797682
6/25/71,1.010308278
7/2/71,0.950952563
7/9/71,0.937286184
7/16/71,0.979082138
7/23/71,1.078971263
7/30/71,1.231701561
8/6/71,1.423090716
8/13/71,1.632624973
8/20/71,1.837744761
8/27/71,2.012636539
9/3/71,2.141777756
9/10/71,2.211100472
9/17/71,2.219800796
9/24/71,2.171529036
10/1/71,2.077110468
10/8/71,1.950682209
10/15/71,1.810190493
10/22/71,1.672211154
10/29/71,1.550885534
11/5/71,1.455927049
11/12/71,1.390540921
11/19/71,1.35403773
11/26/71,1.339476787
12/3/71,1.338750803
12/10/71,1.342782684
12/17/71,1.341366794
12/24/71,1.326309258
12/31/71,1.294566477
1/7/72,1.236644536
1/14/72,1.161542855
1/21/72,1.070148992
1/28/72,0.969238017
2/4/72,0.866400704
2/11/72,0.766812241
2/18/72,0.674196744
2/25/72,0.591549356
3/3/72,0.520291802
3/10/72,0.460464104
3/17/72,0.409909444
3/24/72,0.365472374
3/31/72,0.322975056
4/7/72,0.279190744
4/14/72,0.233421415
4/21/72,0.184942432
4/28/72,0.136801361
5/5/72,0.091731999
5/12/72,0.054124722
5/19/72,0.027932959
5/26/72,0.017487257
6/2/72,0.02484653
6/9/72,0.050617705
6/16/72,0.092074093
6/23/72,0.144646737
6/30/72,0.201143283
7/7/72,0.253583156
7/14/72,0.295105691
7/21/72,0.319859608
7/28/72,0.323401189
8/4/72,0.305041076
8/11/72,0.266309125
8/18/72,0.211600293
8/25/72,0.146465075
9/1/72,0.077957544
9/8/72,0.013312814
9/15/72,-0.042755927
9/22/72,-0.087420363
9/29/72,-0.120073634
10/6/72,-0.142616302
10/13/72,-0.158791375
10/20/72,-0.171211931
10/27/72,-0.183574067
11/3/72,-0.198173666
11/10/72,-0.215574003
11/17/72,-0.235389719
11/24/72,-0.25629304
12/1/72,-0.273924832
12/8/72,-0.283971464
12/15/72,-0.28151249
12/22/72,-0.26014882
12/29/72,-0.214968301
1/5/73,-0.142579472
1/12/73,-0.040995613
1/19/73,0.087867504
1/26/73,0.239610139
2/2/73,0.407686016
2/9/73,0.582108242
2/16/73,0.751485088
2/23/73,0.906197549
3/2/73,1.037079444
3/9/73,1.138842633
3/16/73,1.208877215
3/23/73,1.250266847
3/30/73,1.266805161
4/6/73,1.263038179
4/13/73,1.246124772
4/20/73,1.221122253
4/27/73,1.193357042
5/4/73,1.165892365
5/11/73,1.142087551
5/18/73,1.123993337
5/25/73,1.113870026
6/1/73,1.114457757
6/8/73,1.128975197
6/15/73,1.15945281
6/22/73,1.208306498
6/29/73,1.277483846
7/6/73,1.366151576
7/13/73,1.47302775
7/20/73,1.593471557
7/27/73,1.72332844
8/3/73,1.855443618
8/10/73,1.98439108
8/17/73,2.10469262
8/24/73,2.211236282
8/31/73,2.298819039
9/7/73,2.362698498
9/14/73,2.400455919
9/21/73,2.412765671
9/28/73,2.401223271
10/5/73,2.368106842
10/12/73,2.321793879
10/19/73,2.267929818
10/26/73,2.215721072
11/2/73,2.170931655
11/9/73,2.137550988
11/16/73,2.115863914
11/23/73,2.099339632
11/30/73,2.078931891
12/7/73,2.0423026
12/14/73,1.980390764
12/21/73,1.886481631
12/28/73,1.758892051
1/4/74,1.598634991
1/11/74,1.416563328
1/18/74,1.22184677
1/25/74,1.026637257
2/1/74,0.843950543
2/8/74,0.684933441
2/15/74,0.559437311
2/22/74,0.475896343
3/1/74,0.439687829
3/8/74,0.454266288
3/15/74,0.521838784
3/22/74,0.641461464
3/29/74,0.810336946
4/5/74,1.024365602
4/12/74,1.279242934
4/19/74,1.568565125
4/26/74,1.886618228
5/3/74,2.226128367
5/10/74,2.581678302
5/17/74,2.945847371
5/24/74,3.309414084
5/31/74,3.665596452
6/7/74,4.006145755
6/14/74,4.320963947
6/21/74,4.601083627
6/28/74,4.83513508
7/5/74,5.012527779
7/12/74,5.127504885
7/19/74,5.178681336
7/26/74,5.171092983
8/2/74,5.114665344
8/9/74,5.017945922
8/16/74,4.895550334
8/23/74,4.755601672
8/30/74,4.607402532
9/6/74,4.454367495
9/13/74,4.298598468
9/20/74,4.140213824
9/27/74,3.974519069
10/4/74,3.801545821
10/11/74,3.620767662
10/18/74,3.440272515
10/25/74,3.268520581
11/1/74,3.112898694
11/8/74,2.980591409
11/15/74,2.873727854
11/22/74,2.788223418
11/29/74,2.71979182
12/6/74,2.659088316
12/13/74,2.596653843
12/20/74,2.525467504
12/27/74,2.43687385
1/3/75,2.32786089
1/10/75,2.197076118
1/17/75,2.048908455
1/24/75,1.889505165
1/31/75,1.724948944
2/7/75,1.561337603
2/14/75,1.405308629
2/21/75,1.258758792
2/28/75,1.122788665
3/7/75,0.997914598
3/14/75,0.882818721
3/21/75,0.776010161
3/28/75,0.674616284
4/4/75,0.576094011
4/11/75,0.47940269
4/18/75,0.384126647
4/25/75,0.290150909
5/2/75,0.200157877
5/9/75,0.115960874
5/16/75,0.039901466
5/23/75,-0.026672684
5/30/75,-0.080562939
6/6/75,-0.121321172
6/13/75,-0.149185489
6/20/75,-0.165757476
6/27/75,-0.172894924
7/4/75,-0.173122417
7/11/75,-0.169253366
7/18/75,-0.163401007
7/25/75,-0.155713514
8/1/75,-0.146106607
8/8/75,-0.133563487
8/15/75,-0.117821047
8/22/75,-0.097532721
8/29/75,-0.072520736
9/5/75,-0.043641105
9/12/75,-0.01146728
9/19/75,0.022727008
9/26/75,0.056269602
10/3/75,0.087750063
10/10/75,0.113591803
10/17/75,0.132797945
10/24/75,0.144389718
10/31/75,0.147576596
11/7/75,0.140982669
11/14/75,0.124150094
11/21/75,0.096562494
11/28/75,0.057897135
12/5/75,0.008231584
12/12/75,-0.050903738
12/19/75,-0.117434437
12/26/75,-0.189472466
1/2/76,-0.264413447
1/9/76,-0.339084205
1/16/76,-0.410239556
1/23/76,-0.476035014
1/30/76,-0.535047521
2/6/76,-0.586669633
2/13/76,-0.630108381
2/20/76,-0.666506825
2/27/76,-0.696143971
3/5/76,-0.719282805
3/12/76,-0.735443624
3/19/76,-0.744652942
3/26/76,-0.746245645
4/2/76,-0.739401526
4/9/76,-0.72384434
4/16/76,-0.69954347
4/23/76,-0.667871113
4/30/76,-0.630584702
5/7/76,-0.590352519
5/14/76,-0.550645701
5/21/76,-0.515117087
5/28/76,-0.486703779
6/4/76,-0.468308708
6/11/76,-0.461337363
6/18/76,-0.46527729
6/25/76,-0.47981423
7/2/76,-0.502611988
7/9/76,-0.531044801
7/16/76,-0.562378532
7/23/76,-0.594494395
7/30/76,-0.624930745
8/6/76,-0.652142306
8/13/76,-0.675462966
8/20/76,-0.694232609
8/27/76,-0.708217334
9/3/76,-0.717775922
9/10/76,-0.723164494
9/17/76,-0.725070753
9/24/76,-0.724061257
10/1/76,-0.720014833
10/8/76,-0.714106001
10/15/76,-0.706800238
10/22/76,-0.69821418
10/29/76,-0.68862041
11/5/76,-0.67946995
11/12/76,-0.671756641
11/19/76,-0.666741856
11/26/76,-0.666338322
12/3/76,-0.671525195
12/10/76,-0.684071598
12/17/76,-0.703368162
12/24/76,-0.729451849
12/31/76,-0.761336733
1/7/77,-0.797480534
1/14/77,-0.834280424
1/21/77,-0.869613492
1/28/77,-0.90082596
2/4/77,-0.925296129
2/11/77,-0.941451033
2/18/77,-0.948455734
2/25/77,-0.945922518
3/4/77,-0.933978714
3/11/77,-0.91400802
3/18/77,-0.886890848
3/25/77,-0.854110896
4/1/77,-0.817199851
4/8/77,-0.77765124
4/15/77,-0.73611277
4/22/77,-0.694252581
4/29/77,-0.652875934
5/6/77,-0.613781484
5/13/77,-0.578178218
5/20/77,-0.547693049
5/27/77,-0.523155323
6/3/77,-0.505481437
6/10/77,-0.494625554
6/17/77,-0.489557374
6/24/77,-0.489519416
7/1/77,-0.493257891
7/8/77,-0.499343058
7/15/77,-0.505477302
7/22/77,-0.510357759
7/29/77,-0.512465321
8/5/77,-0.511039021
8/12/77,-0.506115045
8/19/77,-0.497422801
8/26/77,-0.485708662
9/2/77,-0.470598623
9/9/77,-0.452111522
9/16/77,-0.429985002
9/23/77,-0.405044875
9/30/77,-0.377843626
10/7/77,-0.349983638
10/14/77,-0.322145301
10/21/77,-0.295450935
10/28/77,-0.271297252
11/4/77,-0.250387014
11/11/77,-0.234017449
11/18/77,-0.222842403
11/25/77,-0.217348935
12/2/77,-0.217243951
12/9/77,-0.222486861
12/16/77,-0.231832834
12/23/77,-0.24481986
12/30/77,-0.259407939
1/6/78,-0.274008132
1/13/78,-0.286148113
1/20/78,-0.293563957
1/27/78,-0.294326566
2/3/78,-0.28715906
2/10/78,-0.271722271
2/17/78,-0.247280009
2/24/78,-0.214207446
3/3/78,-0.173465962
3/10/78,-0.126086778
3/17/78,-0.073520013
3/24/78,-0.01717396
3/31/78,0.041781242
4/7/78,0.102468222
4/14/78,0.164549197
4/21/78,0.22764076
4/28/78,0.291180905
5/5/78,0.353459663
5/12/78,0.413623203
5/19/78,0.470115535
5/26/78,0.521270158
6/2/78,0.565966965
6/9/78,0.602207077
6/16/78,0.629065593
6/23/78,0.645020413
6/30/78,0.649385408
7/7/78,0.642173638
7/14/78,0.624311926
7/21/78,0.59816352
7/28/78,0.566155402
8/4/78,0.531935569
8/11/78,0.501015601
8/18/78,0.480081153
8/25/78,0.476188369
9/1/78,0.495332539
9/8/78,0.543395332
9/15/78,0.623541175
9/22/78,0.735658107
9/29/78,0.877910012
10/6/78,1.043207972
10/13/78,1.223759301
10/20/78,1.407998048
10/27/78,1.584699708
11/3/78,1.740410656
11/10/78,1.867402285
11/17/78,1.9584253
11/24/78,2.007061199
12/1/78,2.015576491
12/8/78,1.985032676
12/15/78,1.91911241
12/22/78,1.823937506
12/29/78,1.705000756
1/5/79,1.568549457
1/12/79,1.42141604
1/19/79,1.269598528
1/26/79,1.118936092
2/2/79,0.973846785
2/9/79,0.837881289
2/16/79,0.712874652
2/23/79,0.600582104
3/2/79,0.503125166
3/9/79,0.420511513
3/16/79,0.353843249
3/23/79,0.302735262
3/30/79,0.267359864
4/6/79,0.246932924
4/13/79,0.240714392
4/20/79,0.248149106
4/27/79,0.268299481
5/4/79,0.30007579
5/11/79,0.342407607
5/18/79,0.394620196
5/25/79,0.455829911
6/1/79,0.524742534
6/8/79,0.59933692
6/15/79,0.677602272
6/22/79,0.757353409
6/29/79,0.837556629
7/6/79,0.916793169
7/13/79,0.996044607
7/20/79,1.077426631
7/27/79,1.162460173
8/3/79,1.252850301
8/10/79,1.349629456
8/17/79,1.454237698
8/24/79,1.566363338
8/31/79,1.684906447
9/7/79,1.80771071
9/14/79,1.933018442
9/21/79,2.056987149
9/28/79,2.174538056
10/5/79,2.281518088
10/12/79,2.372847941
10/19/79,2.443484062
10/26/79,2.489233719
11/2/79,2.507727016
11/9/79,2.494725195
11/16/79,2.452557498
11/23/79,2.38358313
11/30/79,2.293584074
12/7/79,2.189651324
12/14/79,2.079924858
12/21/79,1.97399714
12/28/79,1.878404285
1/4/80,1.801648907
1/11/80,1.75377268
1/18/80,1.741238387
1/25/80,1.772513133
2/1/80,1.854002259
2/8/80,1.98715832
2/15/80,2.171658904
2/22/80,2.402208429
2/29/80,2.668536567
3/7/80,2.953071299
3/14/80,3.239860096
3/21/80,3.504938088
3/28/80,3.72561523
4/4/80,3.888630459
4/11/80,3.976285508
4/18/80,3.983131555
4/25/80,3.910282178
5/2/80,3.762933361
5/9/80,3.551834862
5/16/80,3.293552513
5/23/80,3.002580759
5/30/80,2.692089026
6/6/80,2.377080027
6/13/80,2.067780265
6/20/80,1.77144431
6/27/80,1.500006493
7/4/80,1.263715561
7/11/80,1.068416599
7/18/80,0.922242891
7/25/80,0.82282374
8/1/80,0.768813174
8/8/80,0.755993532
8/15/80,0.774861736
8/22/80,0.81595859
8/29/80,0.87641849
9/5/80,0.949636535
9/12/80,1.028738597
9/19/80,1.117447864
9/26/80,1.215778947
10/3/80,1.32734217
10/10/80,1.453706875
10/17/80,1.604930214
10/24/80,1.778239392
10/31/80,1.976336962
11/7/80,2.193965004
11/14/80,2.419889561
11/21/80,2.64687774
11/28/80,2.863977909
12/5/80,3.049132456
12/12/80,3.1902272
12/19/80,3.284083628
12/26/80,3.309681689
1/2/81,3.27661155
1/9/81,3.186486429
1/16/81,3.051507962
1/23/81,2.881063488
1/30/81,2.691076057
2/6/81,2.490775835
2/13/81,2.296564582
2/20/81,2.120300747
2/27/81,1.962395914
3/6/81,1.83493629
3/13/81,1.740373582
3/20/81,1.681485325
3/27/81,1.660156809
4/3/81,1.676918178
4/10/81,1.727214694
4/17/81,1.81214517
4/24/81,1.920029588
5/1/81,2.048726343
5/8/81,2.196512001
5/15/81,2.356051388
5/22/81,2.521550002
5/29/81,2.694376173
6/5/81,2.862307297
6/12/81,3.02519219
6/19/81,3.172926438
6/26/81,3.299838071
7/3/81,3.399475164
7/10/81,3.470001781
7/17/81,3.510224407
7/24/81,3.518084447
7/31/81,3.500812294
8/7/81,3.458060582
8/14/81,3.396725978
8/21/81,3.323573631
8/28/81,3.246792332
9/4/81,3.169414999
9/11/81,3.098964742
9/18/81,3.032655765
9/25/81,2.970947903
10/2/81,2.91656297
10/9/81,2.861923082
10/16/81,2.809448432
10/23/81,2.755753854
10/30/81,2.69657592
11/6/81,2.627698622
11/13/81,2.550729606
11/20/81,2.465658633
11/27/81,2.377543811
12/4/81,2.292115978
12/11/81,2.210939409
12/18/81,2.134573569
12/25/81,2.066561639
1/1/82,2.005199084
1/8/82,1.953923935
1/15/82,1.918753561
1/22/82,1.898905016
1/29/82,1.898184325
2/5/82,1.909685571
2/12/82,1.933457026
2/19/82,1.96465644
2/26/82,1.998801372
3/5/82,2.029570548
3/12/82,2.056149396
3/19/82,2.080431467
3/26/82,2.101690562
4/2/82,2.120399621
4/9/82,2.143157575
4/16/82,2.171090683
4/23/82,2.206706542
4/30/82,2.254095707
5/7/82,2.315584799
5/14/82,2.392633186
5/21/82,2.484048733
5/28/82,2.581596721
6/4/82,2.67816356
6/11/82,2.769945122
6/18/82,2.847987617
6/25/82,2.906710816
7/2/82,2.945682839
7/9/82,2.969579954
7/16/82,2.983357983
7/23/82,3.00038114
7/30/82,3.029794595
8/6/82,3.079697595
8/13/82,3.15140887
8/20/82,3.236371488
8/27/82,3.325054519
9/3/82,3.400332776
9/10/82,3.443340113
9/17/82,3.437219157
9/24/82,3.36535432
10/1/82,3.222011676
10/8/82,3.011233588
10/15/82,2.746005806
10/22/82,2.448032493
10/29/82,2.139032736
11/5/82,1.839323114
11/12/82,1.563959633
11/19/82,1.323149566
11/26/82,1.121189379
12/3/82,0.95542975
12/10/82,0.820918787
12/17/82,0.710664084
12/24/82,0.614674708
12/31/82,0.527888577
1/7/83,0.446685286
1/14/83,0.370475857
1/21/83,0.299225054
1/28/83,0.234528934
2/4/83,0.177194003
2/11/83,0.12857145
2/18/83,0.089939235
2/25/83,0.061200469
3/4/83,0.039913028
3/11/83,0.025605488
3/18/83,0.015605135
3/25/83,0.005405662
4/1/83,-0.006791667
4/8/83,-0.023449857
4/15/83,-0.04554767
4/22/83,-0.072589396
4/29/83,-0.102979882
5/6/83,-0.133866666
5/13/83,-0.161780907
5/20/83,-0.183689475
5/27/83,-0.199230277
6/3/83,-0.205671443
6/10/83,-0.203951885
6/17/83,-0.195599824
6/24/83,-0.181511368
7/1/83,-0.162918882
7/8/83,-0.143139506
7/15/83,-0.1233337
7/22/83,-0.106396259
7/29/83,-0.093534424
8/5/83,-0.085765052
8/12/83,-0.082952205
8/19/83,-0.085151609
8/26/83,-0.089871014
9/2/83,-0.095468401
9/9/83,-0.099995617
9/16/83,-0.101654289
9/23/83,-0.098000324
9/30/83,-0.08870465
10/7/83,-0.072879795
10/14/83,-0.051445012
10/21/83,-0.025036847
10/28/83,0.002268785
11/4/83,0.030202659
11/11/83,0.055138733
11/18/83,0.076215334
11/25/83,0.092065399
12/2/83,0.101158376
12/9/83,0.102764261
12/16/83,0.096075136
12/23/83,0.079661532
12/30/83,0.053376214
1/6/84,0.020129758
1/13/84,-0.01864254
1/20/84,-0.060610553
1/27/84,-0.101548217
2/3/84,-0.138532939
2/10/84,-0.169097799
2/17/84,-0.190222359
2/24/84,-0.200778164
3/2/84,-0.198890134
3/9/84,-0.182999401
3/16/84,-0.151656182
3/23/84,-0.104057591
3/30/84,-0.039358862
4/6/84,0.04199481
4/13/84,0.138053149
4/20/84,0.247467025
4/27/84,0.368179016
5/4/84,0.495856484
5/11/84,0.626593879
5/18/84,0.754310937
5/25/84,0.873390541
6/1/84,0.979908436
6/8/84,1.068561847
6/15/84,1.137127241
6/22/84,1.18186785
6/29/84,1.19938264
7/6/84,1.186958478
7/13/84,1.145436675
7/20/84,1.080734759
7/27/84,0.99893749
8/3/84,0.908078379
8/10/84,0.815377963
8/17/84,0.726091981
8/24/84,0.642106228
8/31/84,0.564997824
9/7/84,0.496036826
9/14/84,0.433115728
9/21/84,0.373693393
9/28/84,0.316435356
10/5/84,0.26072225
10/12/84,0.205450895
10/19/84,0.151214967
10/26/84,0.099572021
11/2/84,0.051096618
11/9/84,0.005388229
11/16/84,-0.038665683
11/23/84,-0.081012161
11/30/84,-0.122930008
12/7/84,-0.163588082
12/14/84,-0.204757241
12/21/84,-0.245971402
12/28/84,-0.285578547
1/4/85,-0.323241763
1/11/85,-0.355661714
1/18/85,-0.379667381
1/25/85,-0.394036784
2/1/85,-0.39774981
2/8/85,-0.39103948
2/15/85,-0.376606239
2/22/85,-0.356962935
3/1/85,-0.334764472
3/8/85,-0.313541337
3/15/85,-0.296464823
3/22/85,-0.28491372
3/29/85,-0.280598279
4/5/85,-0.285359768
4/12/85,-0.298586235
4/19/85,-0.319507962
4/26/85,-0.346035256
5/3/85,-0.374957377
5/10/85,-0.405072582
5/17/85,-0.431881276
5/24/85,-0.45388648
5/31/85,-0.469345314
6/7/85,-0.476785036
6/14/85,-0.475266185
6/21/85,-0.465512964
6/28/85,-0.447857443
7/5/85,-0.424230713
7/12/85,-0.395684073
7/19/85,-0.362850231
7/26/85,-0.326694663
8/2/85,-0.289062941
8/9/85,-0.251159741
8/16/85,-0.215101779
8/23/85,-0.18323755
8/30/85,-0.157869669
9/6/85,-0.140886797
9/13/85,-0.134101861
9/20/85,-0.13905158
9/27/85,-0.154684994
10/4/85,-0.180289319
10/11/85,-0.212499404
10/18/85,-0.247691407
10/25/85,-0.2820066
11/1/85,-0.31162934
11/8/85,-0.333518883
11/15/85,-0.346124219
11/22/85,-0.34839824
11/29/85,-0.341824044
12/6/85,-0.32858726
12/13/85,-0.311453622
12/20/85,-0.293995555
12/27/85,-0.277700186
1/3/86,-0.266300299
1/10/86,-0.260027116
1/17/86,-0.259317263
1/24/86,-0.263877086
1/31/86,-0.272987229
2/7/86,-0.284078028
2/14/86,-0.295429015
2/21/86,-0.305736053
2/28/86,-0.314413388
3/7/86,-0.321842283
3/14/86,-0.329358731
3/21/86,-0.338167615
3/28/86,-0.350153742
4/4/86,-0.367166689
4/11/86,-0.38817774
4/18/86,-0.411772531
4/25/86,-0.43631914
5/2/86,-0.458414309
5/9/86,-0.476047595
5/16/86,-0.48757542
5/23/86,-0.492299906
5/30/86,-0.490611219
6/6/86,-0.483785668
6/13/86,-0.473589576
6/20/86,-0.463619824
6/27/86,-0.457810254
7/4/86,-0.458504213
7/11/86,-0.466694891
7/18/86,-0.483041518
7/25/86,-0.505866619
8/1/86,-0.531913164
8/8/86,-0.557346139
8/15/86,-0.57980501
8/22/86,-0.59566354
8/29/86,-0.602915897
9/5/86,-0.601630774
9/12/86,-0.592319469
9/19/86,-0.579746867
9/26/86,-0.566352299
10/3/86,-0.55516498
10/10/86,-0.548644368
10/17/86,-0.547332527
10/24/86,-0.549692494
10/31/86,-0.554481754
11/7/86,-0.560161591
11/14/86,-0.564715753
11/21/86,-0.565572236
11/28/86,-0.562608337
12/5/86,-0.555557138
12/12/86,-0.545670228
12/19/86,-0.533612086
12/26/86,-0.521038718
1/2/87,-0.511572276
1/9/87,-0.504259384
1/16/87,-0.500077372
1/23/87,-0.498295316
1/30/87,-0.497619114
2/6/87,-0.495265599
2/13/87,-0.488071013
2/20/87,-0.472451854
2/27/87,-0.447125482
3/6/87,-0.408786646
3/13/87,-0.353245801
3/20/87,-0.278795887
3/27/87,-0.185686246
4/3/87,-0.075099561
4/10/87,0.046753332
4/17/87,0.174217958
4/24/87,0.297843038
5/1/87,0.40736828
5/8/87,0.498733234
5/15/87,0.56413327
5/22/87,0.603363666
5/29/87,0.611001025
6/5/87,0.591528339
6/12/87,0.549397559
6/19/87,0.486998219
6/26/87,0.413747191
7/3/87,0.333968274
7/10/87,0.253916396
7/17/87,0.175639227
7/24/87,0.103264729
7/31/87,0.042274593
8/7/87,-0.000833969
8/14/87,-0.022581285
8/21/87,-0.013181664
8/28/87,0.029652781
9/4/87,0.106647179
9/11/87,0.211307213
9/18/87,0.339257164
9/25/87,0.481660001
10/2/87,0.63205089
10/9/87,0.777705247
10/16/87,0.908379235
10/23/87,1.015667873
10/30/87,1.092416248
11/6/87,1.131983397
11/13/87,1.142668191
11/20/87,1.130715685
11/27/87,1.098464663
12/4/87,1.051466285
12/11/87,0.987099595
12/18/87,0.911395016
12/25/87,0.824310361
1/1/88,0.730195145
1/8/88,0.632339025
1/15/88,0.53666812
1/22/88,0.443526843
1/29/88,0.35669109
2/5/88,0.278872812
2/12/88,0.213648997
2/19/88,0.163777809
2/26/88,0.128612087
3/4/88,0.108284926
3/11/88,0.102259316
3/18/88,0.109656586
3/25/88,0.126302643
4/1/88,0.150556111
4/8/88,0.178827722
4/15/88,0.205002056
4/22/88,0.227213318
4/29/88,0.241426139
5/6/88,0.248478409
5/13/88,0.250617344
5/20/88,0.249833401
5/27/88,0.249128996
6/3/88,0.252091056
6/10/88,0.26008788
6/17/88,0.274563099
6/24/88,0.296270484
7/1/88,0.323892919
7/8/88,0.353830168
7/15/88,0.382741554
7/22/88,0.407358224
7/29/88,0.42359432
8/5/88,0.430507247
8/12/88,0.427201401
8/19/88,0.414093501
8/26/88,0.391714474
9/2/88,0.363513318
9/9/88,0.331602844
9/16/88,0.300393644
9/23/88,0.272621604
9/30/88,0.248588918
10/7/88,0.228037296
10/14/88,0.210321678
10/21/88,0.194928519
10/28/88,0.181693321
11/4/88,0.170528881
11/11/88,0.161980002
11/18/88,0.155200425
11/25/88,0.150614572
12/2/88,0.146597736
12/9/88,0.143604336
12/16/88,0.140422349
12/23/88,0.138487243
12/30/88,0.137604409
1/6/89,0.139901221
1/13/89,0.146678783
1/20/89,0.159991405
1/27/89,0.183068194
2/3/89,0.218808311
2/10/89,0.268137171
2/17/89,0.330901863
2/24/89,0.402939168
3/3/89,0.480627855
3/10/89,0.556415463
3/17/89,0.624979652
3/24/89,0.678817384
3/31/89,0.712177961
4/7/89,0.722243896
4/14/89,0.707802158
4/21/89,0.669227694
4/28/89,0.614878096
5/5/89,0.54793888
5/12/89,0.478463055
5/19/89,0.412273584
5/26/89,0.356651159
6/2/89,0.314806768
6/9/89,0.287231172
6/16/89,0.270625908
6/23/89,0.260904304
6/30/89,0.252470584
7/7/89,0.24284272
7/14/89,0.229466269
7/21/89,0.215056287
7/28/89,0.202876828
8/4/89,0.195244675
8/11/89,0.197277214
8/18/89,0.209555866
8/25/89,0.231922715
9/1/89,0.262794468
9/8/89,0.297293561
9/15/89,0.331244259
9/22/89,0.358075369
9/29/89,0.37509453
10/6/89,0.378201573
10/13/89,0.365398325
10/20/89,0.337416542
10/27/89,0.296562777
11/3/89,0.246794141
11/10/89,0.194107261
11/17/89,0.142601773
11/24/89,0.097203388
12/1/89,0.060923862
12/8/89,0.035810366
12/15/89,0.02182893
12/22/89,0.018105016
12/29/89,0.0219609
1/5/90,0.031715892
1/12/90,0.043376827
1/19/90,0.05322287
1/26/90,0.060416165
2/2/90,0.062259728
2/9/90,0.059438467
2/16/90,0.053649798
2/23/90,0.047052341
3/2/90,0.042400702
3/9/90,0.041556559
3/16/90,0.047056938
3/23/90,0.057952071
3/30/90,0.073040016
4/6/90,0.089772468
4/13/90,0.102550372
4/20/90,0.109393636
4/27/90,0.106726287
5/4/90,0.092158321
5/11/90,0.066508526
5/18/90,0.031446019
5/25/90,-0.009745311
6/1/90,-0.052992235
6/8/90,-0.093121115
6/15/90,-0.126121126
6/22/90,-0.149102624
6/29/90,-0.159204934
7/6/90,-0.155933519
7/13/90,-0.140482903
7/20/90,-0.113501566
7/27/90,-0.076756563
8/3/90,-0.032616117
8/10/90,0.017645675
8/17/90,0.070125458
8/24/90,0.12476042
8/31/90,0.178700978
9/7/90,0.232271634
9/14/90,0.283394063
9/21/90,0.331242106
9/28/90,0.374578815
10/5/90,0.407803811
10/12/90,0.431339646
10/19/90,0.445662183
10/26/90,0.450694411
11/2/90,0.451008635
11/9/90,0.450192818
11/16/90,0.450130104
11/23/90,0.454379752
11/30/90,0.465028401
12/7/90,0.477990893
12/14/90,0.493162443
12/21/90,0.508390702
12/28/90,0.515867366
1/4/91,0.508713595
1/11/91,0.48767908
1/18/91,0.448302638
1/25/91,0.389047126
2/1/91,0.320167752
2/8/91,0.244839159
2/15/91,0.16931589
2/22/91,0.098200929
3/1/91,0.03401532
3/8/91,-0.023402773
3/15/91,-0.073310022
3/22/91,-0.115785423
3/29/91,-0.151806947
4/5/91,-0.181332528
4/12/91,-0.205441262
4/19/91,-0.225002824
4/26/91,-0.23875326
5/3/91,-0.247435875
5/10/91,-0.251077904
5/17/91,-0.249791629
5/24/91,-0.245563651
5/31/91,-0.240574645
6/7/91,-0.238185202
6/14/91,-0.241211658
6/21/91,-0.25248393
6/28/91,-0.272205212
7/5/91,-0.301412302
7/12/91,-0.337080171
7/19/91,-0.377206947
7/26/91,-0.417715044
8/2/91,-0.45524128
8/9/91,-0.48768817
8/16/91,-0.51277056
8/23/91,-0.530693519
8/30/91,-0.543376525
9/6/91,-0.55056564
9/13/91,-0.555961342
9/20/91,-0.559649194
9/27/91,-0.562720906
10/4/91,-0.565749783
10/11/91,-0.570463921
10/18/91,-0.576358985
10/25/91,-0.583528959
11/1/91,-0.592330732
11/8/91,-0.601778827
11/15/91,-0.611401493
11/22/91,-0.620892173
11/29/91,-0.630848994
12/6/91,-0.641230127
12/13/91,-0.651641997
12/20/91,-0.659506304
12/27/91,-0.666418807
1/3/92,-0.668382716
1/10/92,-0.669189682
1/17/92,-0.666395235
1/24/92,-0.663056691
1/31/92,-0.660601864
2/7/92,-0.658691756
2/14/92,-0.657903469
2/21/92,-0.657815138
2/28/92,-0.659139923
3/6/92,-0.662070463
3/13/92,-0.666673148
3/20/92,-0.674793252
3/27/92,-0.686669657
4/3/92,-0.701960295
4/10/92,-0.720838857
4/17/92,-0.741653149
4/24/92,-0.763962475
5/1/92,-0.786741381
5/8/92,-0.80826391
5/15/92,-0.828300691
5/22/92,-0.846708027
5/29/92,-0.862733371
6/5/92,-0.877419526
6/12/92,-0.891850334
6/19/92,-0.905558583
6/26/92,-0.918155296
7/3/92,-0.928874455
7/10/92,-0.936512888
7/17/92,-0.941515971
7/24/92,-0.943065166
7/31/92,-0.941413655
8/7/92,-0.936291503
8/14/92,-0.928235053
8/21/92,-0.916632226
8/28/92,-0.901490898
9/4/92,-0.882855774
9/11/92,-0.861257961
9/18/92,-0.835445921
9/25/92,-0.806220041
10/2/92,-0.77505782
10/9/92,-0.744810528
10/16/92,-0.717726347
10/23/92,-0.696904167
10/30/92,-0.685009918
11/6/92,-0.683794222
11/13/92,-0.692379623
11/20/92,-0.711101955
11/27/92,-0.739084777
12/4/92,-0.77417201
12/11/92,-0.81316411
12/18/92,-0.851034948
12/25/92,-0.885486587
1/1/93,-0.913534848
1/8/93,-0.933873148
1/15/93,-0.948175309
1/22/93,-0.956730171
1/29/93,-0.960240015
2/5/93,-0.960866641
2/12/93,-0.960078686
2/19/93,-0.958783378
2/26/93,-0.959615828
3/5/93,-0.961780744
3/12/93,-0.965830929
3/19/93,-0.971559913
3/26/93,-0.978528586
4/2/93,-0.985328624
4/9/93,-0.991560939
4/16/93,-0.995985677
4/23/93,-0.997620016
4/30/93,-0.99730637
5/7/93,-0.994111077
5/14/93,-0.989825113
5/21/93,-0.986328641
5/28/93,-0.985070583
6/4/93,-0.987440351
6/11/93,-0.995121817
6/18/93,-1.007728909
6/25/93,-1.023563552
7/2/93,-1.040926809
7/9/93,-1.058563826
7/16/93,-1.074104541
7/23/93,-1.086744844
7/30/93,-1.095069998
8/6/93,-1.099539872
8/13/93,-1.100416373
8/20/93,-1.098163027
8/27/93,-1.093264717
9/3/93,-1.086553746
9/10/93,-1.077933299
9/17/93,-1.066954517
9/24/93,-1.054168038
10/1/93,-1.039601947
10/8/93,-1.023856398
10/15/93,-1.006707005
10/22/93,-0.988729378
10/29/93,-0.970991445
11/5/93,-0.955487913
11/12/93,-0.944556758
11/19/93,-0.93942942
11/26/93,-0.941329737
12/3/93,-0.949584051
12/10/93,-0.962608094
12/17/93,-0.978460105
12/24/93,-0.994419218
12/31/93,-1.008262387
1/7/94,-1.018586189
1/14/94,-1.024572974
1/21/94,-1.023827677
1/28/94,-1.016969849
2/4/94,-1.002780428
2/11/94,-0.981390759
2/18/94,-0.954917896
2/25/94,-0.924409957
3/4/94,-0.890909573
3/11/94,-0.857136219
3/18/94,-0.824974537
3/25/94,-0.79543907
4/1/94,-0.770191361
4/8/94,-0.751240705
4/15/94,-0.738300066
4/22/94,-0.730032924
4/29/94,-0.726922599
5/6/94,-0.725077533
5/13/94,-0.724831288
5/20/94,-0.726124242
5/27/94,-0.726888191
6/3/94,-0.725597656
6/10/94,-0.724550371
6/17/94,-0.722108064
6/24/94,-0.720640909
7/1/94,-0.721758518
7/8/94,-0.728535611
7/15/94,-0.740662067
7/22/94,-0.757227472
7/29/94,-0.775250194
8/5/94,-0.79195672
8/12/94,-0.805387472
8/19/94,-0.812586738
8/26/94,-0.811381513
9/2/94,-0.801196545
9/9/94,-0.782390183
9/16/94,-0.756130388
9/23/94,-0.726246647
9/30/94,-0.69541615
10/7/94,-0.667243668
10/14/94,-0.643189541
10/21/94,-0.622647998
10/28/94,-0.603556485
11/4/94,-0.584289685
11/11/94,-0.562397931
11/18/94,-0.536801654
11/25/94,-0.507538563
12/2/94,-0.47698333
12/9/94,-0.446915797
12/16/94,-0.423400282
12/23/94,-0.408761602
12/30/94,-0.406304446
1/6/95,-0.417148156
1/13/95,-0.440035691
1/20/95,-0.471440886
1/27/95,-0.50735763
2/3/95,-0.544095934
2/10/95,-0.577745729
2/17/95,-0.605268839
2/24/95,-0.625641484
3/3/95,-0.637720498
3/10/95,-0.642623672
3/17/95,-0.643659969
3/24/95,-0.642382891
3/31/95,-0.642065792
4/7/95,-0.644380902
4/14/95,-0.650915914
4/21/95,-0.661695349
4/28/95,-0.675464554
5/5/95,-0.690106536
5/12/95,-0.703758714
5/19/95,-0.713103534
5/26/95,-0.717047531
6/2/95,-0.714278578
6/9/95,-0.707183822
6/16/95,-0.696471253
6/23/95,-0.68604567
6/30/95,-0.677512818
7/7/95,-0.672676026
7/14/95,-0.673425567
7/21/95,-0.67780269
7/28/95,-0.684910473
8/4/95,-0.69437338
8/11/95,-0.703886494
8/18/95,-0.711576703
8/25/95,-0.716637661
9/1/95,-0.717882829
9/8/95,-0.71597314
9/15/95,-0.712171027
9/22/95,-0.70677928
9/29/95,-0.702210898
10/6/95,-0.701103856
10/13/95,-0.703157941
10/20/95,-0.709087498
10/27/95,-0.718109175
11/3/95,-0.729960995
11/10/95,-0.7420684
11/17/95,-0.75128746
11/24/95,-0.7570195
12/1/95,-0.758352315
12/8/95,-0.756109946
12/15/95,-0.751448821
12/22/95,-0.747579049
12/29/95,-0.747061327
1/5/96,-0.752761658
1/12/96,-0.763150479
1/19/96,-0.778021543
1/26/96,-0.795796129
2/2/96,-0.812399025
2/9/96,-0.823805172
2/16/96,-0.828203085
2/23/96,-0.824137059
3/1/96,-0.810800201
3/8/96,-0.791648837
3/15/96,-0.768073407
3/22/96,-0.744743923
3/29/96,-0.723234711
4/5/96,-0.705982227
4/12/96,-0.693501546
4/19/96,-0.687851998
4/26/96,-0.689074981
5/3/96,-0.694644781
5/10/96,-0.703026358
5/17/96,-0.711805024
5/24/96,-0.717931702
5/31/96,-0.720310614
6/7/96,-0.718232749
6/14/96,-0.714038681
6/21/96,-0.708712593
6/28/96,-0.704577373
7/5/96,-0.702213386
7/12/96,-0.702835552
7/19/96,-0.70776352
7/26/96,-0.716188304
8/2/96,-0.726067501
8/9/96,-0.737129361
8/16/96,-0.745270406
8/23/96,-0.749451006
8/30/96,-0.749126346
9/6/96,-0.744835377
9/13/96,-0.739805774
9/20/96,-0.735530997
9/27/96,-0.734076468
10/4/96,-0.737133913
10/11/96,-0.744822028
10/18/96,-0.755367967
10/25/96,-0.767409003
11/1/96,-0.778670071
11/8/96,-0.786603326
11/15/96,-0.788921006
11/22/96,-0.784990781
11/29/96,-0.774520603
12/6/96,-0.759012953
12/13/96,-0.741073498
12/20/96,-0.724013914
12/27/96,-0.710023346
1/3/97,-0.700292258
1/10/97,-0.6956425
1/17/97,-0.697329947
1/24/97,-0.703833828
1/31/97,-0.713506793
2/7/97,-0.724203243
2/14/97,-0.734151189
2/21/97,-0.739678078
2/28/97,-0.740073261
3/7/97,-0.734507818
3/14/97,-0.724071595
3/21/97,-0.710180052
3/28/97,-0.694589959
4/4/97,-0.678279687
4/11/97,-0.663697567
4/18/97,-0.651329552
4/25/97,-0.641720671
5/2/97,-0.635905005
5/9/97,-0.632219117
5/16/97,-0.630589052
5/23/97,-0.630429319
5/30/97,-0.630808048
6/6/97,-0.63212269
6/13/97,-0.634940427
6/20/97,-0.638713459
6/27/97,-0.643105155
7/4/97,-0.648697051
7/11/97,-0.653295109
7/18/97,-0.657350752
7/25/97,-0.660406988
8/1/97,-0.661713468
8/8/97,-0.6613065
8/15/97,-0.659149558
8/22/97,-0.655661716
8/29/97,-0.650792136
9/5/97,-0.644861624
9/12/97,-0.637431238
9/19/97,-0.628129365
9/26/97,-0.616132603
10/3/97,-0.601189708
10/10/97,-0.582327717
10/17/97,-0.560396281
10/24/97,-0.53689541
10/31/97,-0.513990314
11/7/97,-0.496023726
11/14/97,-0.482413942
11/21/97,-0.475943571
11/28/97,-0.475619938
12/5/97,-0.480335294
12/12/97,-0.488405327
12/19/97,-0.500454909
12/26/97,-0.515710317
1/2/98,-0.532189849
1/9/98,-0.549037157
1/16/98,-0.56742176
1/23/98,-0.584890859
1/30/98,-0.601807797
2/6/98,-0.617327394
2/13/98,-0.62947677
2/20/98,-0.638176697
2/27/98,-0.642619273
3/6/98,-0.642020793
3/13/98,-0.639007874
3/20/98,-0.634951351
3/27/98,-0.62952076
4/3/98,-0.623999483
4/10/98,-0.618818669
4/17/98,-0.613411136
4/24/98,-0.607444751
5/1/98,-0.601150685
5/8/98,-0.594832778
5/15/98,-0.58848941
5/22/98,-0.581973632
5/29/98,-0.574373669
6/5/98,-0.568261829
6/12/98,-0.563282009
6/19/98,-0.56043297
6/26/98,-0.558967457
7/3/98,-0.558385565
7/10/98,-0.556166253
7/17/98,-0.549799043
7/24/98,-0.536081926
7/31/98,-0.513197204
8/7/98,-0.478912022
8/14/98,-0.433345911
8/21/98,-0.378015716
8/28/98,-0.314992883
9/4/98,-0.249112426
9/11/98,-0.18443336
9/18/98,-0.123403756
9/25/98,-0.069473108
10/2/98,-0.026300073
10/9/98,0.00348818
10/16/98,0.016243291
10/23/98,0.010881668
10/30/98,-0.007634726
11/6/98,-0.03451831
11/13/98,-0.06262933
11/20/98,-0.091795038
11/27/98,-0.117445116
12/4/98,-0.138569297
12/11/98,-0.157693596
12/18/98,-0.175628534
12/25/98,-0.19342758
1/1/99,-0.209982023
1/8/99,-0.224774634
1/15/99,-0.240343524
1/22/99,-0.256969126
1/29/99,-0.275565917
2/5/99,-0.295538805
2/12/99,-0.316292729
2/19/99,-0.337243119
2/26/99,-0.356594937
3/5/99,-0.373151026
3/12/99,-0.387476118
3/19/99,-0.398741484
3/26/99,-0.407099803
4/2/99,-0.413422263
4/9/99,-0.418356885
4/16/99,-0.422610756
4/23/99,-0.426077571
4/30/99,-0.428576725
5/7/99,-0.428696833
5/14/99,-0.424665163
5/21/99,-0.416205669
5/28/99,-0.403815889
6/4/99,-0.388707171
6/11/99,-0.371717832
6/18/99,-0.353479872
6/25/99,-0.333735025
7/2/99,-0.312412426
7/9/99,-0.288766386
7/16/99,-0.26276947
7/23/99,-0.236816037
7/30/99,-0.212895308
8/6/99,-0.191439732
8/13/99,-0.174586724
8/20/99,-0.16196276
8/27/99,-0.151219538
9/3/99,-0.139852773
9/10/99,-0.127093287
9/17/99,-0.114094841
9/24/99,-0.101745274
10/1/99,-0.091099646
10/8/99,-0.084751072
10/15/99,-0.086732137
10/22/99,-0.096364559
10/29/99,-0.111770515
11/5/99,-0.129777245
11/12/99,-0.14765985
11/19/99,-0.162460807
11/26/99,-0.170048298
12/3/99,-0.172206617
12/10/99,-0.170584414
12/17/99,-0.169228932
12/24/99,-0.169613672
12/31/99,-0.173098936
1/7/00,-0.182926721
1/14/00,-0.194187877
1/21/00,-0.204516507
1/28/00,-0.211823716
2/4/00,-0.213679203
2/11/00,-0.211418053
2/18/00,-0.203697274
2/25/00,-0.190962552
3/3/00,-0.174995208
3/10/00,-0.155030832
3/17/00,-0.132899286
3/24/00,-0.110700694
3/31/00,-0.089838248
4/7/00,-0.074011355
4/14/00,-0.059669703
4/21/00,-0.046675509
4/28/00,-0.032699346
5/5/00,-0.016789657
5/12/00,-0.001426843
5/19/00,0.012909093
5/26/00,0.025074865
6/2/00,0.032514368
6/9/00,0.033780161
6/16/00,0.029115979
6/23/00,0.017301921
6/30/00,-0.000776031
7/7/00,-0.025648782
7/14/00,-0.054914751
7/21/00,-0.085588629
7/28/00,-0.116168427
8/4/00,-0.14434229
8/11/00,-0.168553418
8/18/00,-0.186806403
8/25/00,-0.199178645
9/1/00,-0.206553988
9/8/00,-0.208544559
9/15/00,-0.207096265
9/22/00,-0.202695874
9/29/00,-0.196645327
10/6/00,-0.189796571
10/13/00,-0.18172595
10/20/00,-0.175033798
10/27/00,-0.168104195
11/3/00,-0.158572353
11/10/00,-0.145393633
11/17/00,-0.127754336
11/24/00,-0.107149865
12/1/00,-0.086659871
12/8/00,-0.071019985
12/15/00,-0.065277242
12/22/00,-0.070370751
12/29/00,-0.090605845
1/5/01,-0.120324401
1/12/01,-0.156062729
1/19/01,-0.192979495
1/26/01,-0.226387836
2/2/01,-0.253404089
2/9/01,-0.272051414
2/16/01,-0.281147363
2/23/01,-0.280398773
3/2/01,-0.274246324
3/9/01,-0.265370576
3/16/01,-0.256303216
3/23/01,-0.2521256
3/30/01,-0.255521851
4/6/01,-0.265200473
4/13/01,-0.284338928
4/20/01,-0.308816098
4/27/01,-0.335713196
5/4/01,-0.363765137
5/11/01,-0.389154739
5/18/01,-0.409065347
5/25/01,-0.425028774
6/1/01,-0.436287254
6/8/01,-0.444022356
6/15/01,-0.449865646
6/22/01,-0.455506988
6/29/01,-0.46224044
7/6/01,-0.471347413
7/13/01,-0.481753173
7/20/01,-0.492252441
7/27/01,-0.501840941
8/3/01,-0.50678275
8/10/01,-0.502626633
8/17/01,-0.488947569
8/24/01,-0.464863385
8/31/01,-0.433906564
9/7/01,-0.399930664
9/14/01,-0.3677611
9/21/01,-0.345545829
9/28/01,-0.339121592
10/5/01,-0.341499406
10/12/01,-0.353042336
10/19/01,-0.368917696
10/26/01,-0.385639754
11/2/01,-0.397436276
11/9/01,-0.402888346
11/16/01,-0.401255452
11/23/01,-0.391206979
11/30/01,-0.377370059
12/7/01,-0.364675781
12/14/01,-0.358315835
12/21/01,-0.36057444
12/28/01,-0.373940437
1/4/02,-0.394220341
1/11/02,-0.419804712
1/18/02,-0.445256328
1/25/02,-0.4664368
2/1/02,-0.481539059
2/8/02,-0.490523596
2/15/02,-0.494831581
2/22/02,-0.495044394
3/1/02,-0.494436808
3/8/02,-0.493470507
3/15/02,-0.494072782
3/22/02,-0.498226886
3/29/02,-0.506486921
4/5/02,-0.519843661
4/12/02,-0.538477611
4/19/02,-0.560351269
4/26/02,-0.583209779
5/3/02,-0.605535659
5/10/02,-0.62199726
5/17/02,-0.632565688
5/24/02,-0.634483381
5/31/02,-0.628319237
6/7/02,-0.614123734
6/14/02,-0.593735966
6/21/02,-0.568945435
6/28/02,-0.54150217
7/5/02,-0.513560028
7/12/02,-0.486251142
7/19/02,-0.462398592
7/26/02,-0.441889248
8/2/02,-0.427592438
8/9/02,-0.416353339
8/16/02,-0.408951222
8/23/02,-0.400981735
8/30/02,-0.392602273
9/6/02,-0.381982341
9/13/02,-0.371277962
9/20/02,-0.361670543
9/27/02,-0.355777714
10/4/02,-0.355088779
10/11/02,-0.360939972
10/18/02,-0.373609693
10/25/02,-0.389311105
11/1/02,-0.407863983
11/8/02,-0.425750755
11/15/02,-0.441213582
11/22/02,-0.451994782
11/29/02,-0.45830545
12/6/02,-0.46070571
12/13/02,-0.463899302
12/20/02,-0.467636725
12/27/02,-0.474296489
1/3/03,-0.484954385
1/10/03,-0.498075782
1/17/03,-0.51044189
1/24/03,-0.52001924
1/31/03,-0.527089493
2/7/03,-0.53091881
2/14/03,-0.533489753
2/21/03,-0.536135284
2/28/03,-0.54039365
3/7/03,-0.547045346
3/14/03,-0.557127533
3/21/03,-0.571871805
3/28/03,-0.591487599
4/4/03,-0.614852621
4/11/03,-0.640474219
4/18/03,-0.665151812
4/25/03,-0.68656509
5/2/03,-0.702873604
5/9/03,-0.712526313
5/16/03,-0.716985552
5/23/03,-0.7174605
5/30/03,-0.716081677
6/6/03,-0.714221451
6/13/03,-0.713549367
6/20/03,-0.715027975
6/27/03,-0.717699309
7/4/03,-0.720665578
7/11/03,-0.722232274
7/18/03,-0.720511831
7/25/03,-0.715479458
8/1/03,-0.705602528
8/8/03,-0.695375909
8/15/03,-0.685304145
8/22/03,-0.677170241
8/29/03,-0.672028824
9/5/03,-0.670572948
9/12/03,-0.672894455
9/19/03,-0.678223352
9/26/03,-0.685168402
10/3/03,-0.693011446
10/10/03,-0.701611927
10/17/03,-0.709588902
10/24/03,-0.71526462
10/31/03,-0.719732641
11/7/03,-0.721849395
11/14/03,-0.722016031
11/21/03,-0.720805118
11/28/03,-0.719485025
12/5/03,-0.717636738
12/12/03,-0.718397428
12/19/03,-0.721727624
12/26/03,-0.728041047
1/2/04,-0.737994502
1/9/04,-0.751225904
1/16/04,-0.76510467
1/23/04,-0.778460381
1/30/04,-0.790726954
2/6/04,-0.800664105
2/13/04,-0.809343131
2/20/04,-0.815444471
2/27/04,-0.81892101
3/5/04,-0.819561976
3/12/04,-0.818062334
3/19/04,-0.813881371
3/26/04,-0.807282959
4/2/04,-0.798827584
4/9/04,-0.787821334
4/16/04,-0.774370552
4/23/04,-0.759119363
4/30/04,-0.74366645
5/7/04,-0.728741812
5/14/04,-0.71606967
5/21/04,-0.706042959
5/28/04,-0.698951882
6/4/04,-0.694196784
6/11/04,-0.691575903
6/18/04,-0.69020642
6/25/04,-0.690637945
7/2/04,-0.691980387
7/9/04,-0.693976715
7/16/04,-0.695772949
7/23/04,-0.697795244
7/30/04,-0.699849501
8/6/04,-0.701032296
8/13/04,-0.702820673
8/20/04,-0.704084939
8/27/04,-0.705112656
9/3/04,-0.704802866
9/10/04,-0.70465652
9/17/04,-0.704297997
9/24/04,-0.703665621
10/1/04,-0.702872912
10/8/04,-0.702777681
10/15/04,-0.703488284
10/22/04,-0.706050972
10/29/04,-0.709187126
11/5/04,-0.712756049
11/12/04,-0.71695745
11/19/04,-0.719159111
11/26/04,-0.719821341
12/3/04,-0.718227055
12/10/04,-0.715224246
12/17/04,-0.710458864
12/24/04,-0.705233935
12/31/04,-0.701091405
1/7/05,-0.698750761
1/14/05,-0.699222461
1/21/05,-0.70173351
1/28/05,-0.70631861
2/4/05,-0.711816899
2/11/05,-0.715783853
2/18/05,-0.716564467
2/25/05,-0.713755513
3/4/05,-0.706744652
3/11/05,-0.69640124
3/18/05,-0.683017367
3/25/05,-0.668509493
4/1/05,-0.654087198
4/8/05,-0.640745332
4/15/05,-0.62901423
4/22/05,-0.619492923
4/29/05,-0.612378299
5/6/05,-0.607178511
5/13/05,-0.603533988
5/20/05,-0.601911659
5/27/05,-0.602293455
6/3/05,-0.603020656
6/10/05,-0.604478995
6/17/05,-0.605676599
6/24/05,-0.607220586
7/1/05,-0.609118777
7/8/05,-0.610626489
7/15/05,-0.613546158
7/22/05,-0.615503889
7/29/05,-0.616582167
8/5/05,-0.61552199
8/12/05,-0.612986923
8/19/05,-0.607907887
8/26/05,-0.601243343
9/2/05,-0.593350124
9/9/05,-0.585495494
9/16/05,-0.57804998
9/23/05,-0.572150263
9/30/05,-0.569027406
10/7/05,-0.569770362
10/14/05,-0.573910968
10/21/05,-0.579818296
10/28/05,-0.586099141
11/4/05,-0.590183645
11/11/05,-0.591730131
11/18/05,-0.589204625
11/25/05,-0.58425444
12/2/05,-0.577598665
12/9/05,-0.571041886
12/16/05,-0.566089799
12/23/05,-0.564565153
12/30/05,-0.566244967
1/6/06,-0.57237508
1/13/06,-0.582164485
1/20/06,-0.592790213
1/27/06,-0.604951474
2/3/06,-0.615736877
2/10/06,-0.624306638
2/17/06,-0.630894409
2/24/06,-0.635007388
3/3/06,-0.636202844
3/10/06,-0.63575136
3/17/06,-0.634417323
3/24/06,-0.632859146
3/31/06,-0.630309565
4/7/06,-0.628142936
4/14/06,-0.625791473
4/21/06,-0.623986047
4/28/06,-0.621211944
5/5/06,-0.615949188
5/12/06,-0.608610595
5/19/06,-0.597177725
5/26/06,-0.58373391
6/2/06,-0.569407412
6/9/06,-0.555612684
6/16/06,-0.543100946
6/23/06,-0.53414341
6/30/06,-0.530027356
7/7/06,-0.530649786
7/14/06,-0.536466624
7/21/06,-0.546665255
7/28/06,-0.560289603
8/4/06,-0.574530278
8/11/06,-0.587758105
8/18/06,-0.598314732
8/25/06,-0.605178567
9/1/06,-0.608066687
9/8/06,-0.60809337
9/15/06,-0.606925625
9/22/06,-0.606314632
9/29/06,-0.607316282
10/6/06,-0.610838614
10/13/06,-0.616931096
10/20/06,-0.623534204
10/27/06,-0.62985324
11/3/06,-0.633548107
11/10/06,-0.63477843
11/17/06,-0.633288686
11/24/06,-0.6297171
12/1/06,-0.625420192
12/8/06,-0.622622343
12/15/06,-0.623192342
12/22/06,-0.627715355
12/29/06,-0.636159969
1/5/07,-0.647978435
1/12/07,-0.661088984
1/19/07,-0.673424832
1/26/07,-0.682853581
2/2/07,-0.686581027
2/9/07,-0.685049519
2/16/07,-0.677227668
2/23/07,-0.664617775
3/2/07,-0.648830275
3/9/07,-0.634296738
3/16/07,-0.622115839
3/23/07,-0.613826974
3/30/07,-0.607984525
4/6/07,-0.604233364
4/13/07,-0.600593257
4/20/07,-0.59614315
4/27/07,-0.589555232
5/4/07,-0.580741254
5/11/07,-0.572165675
5/18/07,-0.563162386
5/25/07,-0.554594255
6/1/07,-0.548110573
6/8/07,-0.545012518
6/15/07,-0.541261853
6/22/07,-0.535899222
6/29/07,-0.523900817
7/6/07,-0.49935071
7/13/07,-0.454924335
7/20/07,-0.386714793
7/27/07,-0.292866001
8/3/07,-0.180579985
8/10/07,-0.059750892
8/17/07,0.05909611
8/24/07,0.154404281
8/31/07,0.206608276
9/7/07,0.222589453
9/14/07,0.198581597
9/21/07,0.141353722
9/28/07,0.075648858
10/5/07,0.014669115
10/12/07,-0.025843451
10/19/07,-0.032652553
10/26/07,-0.001828099
11/2/07,0.065222017
11/9/07,0.163509148
11/16/07,0.27468004
11/23/07,0.387509418
11/30/07,0.481149278
12/7/07,0.54421803
12/14/07,0.570686277
12/21/07,0.559979222
12/28/07,0.520180727
1/4/08,0.472472247
1/11/08,0.427957412
1/18/08,0.404804901
1/25/08,0.412849889
2/1/08,0.443095617
2/8/08,0.504911075
2/15/08,0.589908476
2/22/08,0.689182463
2/29/08,0.789330773
3/7/08,0.880716898
3/14/08,0.94140191
3/21/08,0.965021236
3/28/08,0.943390593
4/4/08,0.889265798
4/11/08,0.814498355
4/18/08,0.731452622
4/25/08,0.645526838
5/2/08,0.570303828
5/9/08,0.515777637
5/16/08,0.483358133
5/23/08,0.478571714
5/30/08,0.500030764
6/6/08,0.546071694
6/13/08,0.600466213
6/20/08,0.657500823
6/27/08,0.710227583
7/4/08,0.743001259
7/11/08,0.752255176
7/18/08,0.74257136
7/25/08,0.7142133
8/1/08,0.683332965
8/8/08,0.667344128
8/15/08,0.674460443
8/22/08,0.729561656
8/29/08,0.836663521
9/5/08,1.003315592
9/12/08,1.223777688
9/19/08,1.507509726
9/26/08,1.788948353
10/3/08,2.069443758
10/10/08,2.320347569
10/17/08,2.514338439
10/24/08,2.65403262
10/31/08,2.772855572
11/7/08,2.863885261
11/14/08,2.94390216
11/21/08,3.021132701
11/28/08,3.048731464
12/5/08,3.042601512
12/12/08,2.978099662
12/19/08,2.853456781
12/26/08,2.693719114
1/2/09,2.541114527
1/9/09,2.389393821
1/16/09,2.266840326
1/23/09,2.177911173
1/30/09,2.119232893
2/6/09,2.089877378
2/13/09,2.091514589
2/20/09,2.10948225
2/27/09,2.127064891
3/6/09,2.132351741
3/13/09,2.095592026
3/20/09,2.023334955
3/27/09,1.91813258
4/3/09,1.793616353
4/10/09,1.65357952
4/17/09,1.512008528
4/24/09,1.373216986
5/1/09,1.238239316
5/8/09,1.11422668
5/15/09,1.012701237
5/22/09,0.928469125
5/29/09,0.869148372
6/5/09,0.822076702
6/12/09,0.786602921
6/19/09,0.756758835
6/26/09,0.720134492
7/3/09,0.674758581
7/10/09,0.619554344
7/17/09,0.552623064
7/24/09,0.480811046
7/31/09,0.411965884
8/7/09,0.352126786
8/14/09,0.303403119
8/21/09,0.26305586
8/28/09,0.226540389
9/4/09,0.194310498
9/11/09,0.161006848
9/18/09,0.127876406
9/25/09,0.098766942
10/2/09,0.076576413
10/9/09,0.055917052
10/16/09,0.039105899
10/23/09,0.026079291
10/30/09,0.018371282
11/6/09,0.009520984
11/13/09,-0.002369989
11/20/09,-0.016470945
11/27/09,-0.035287615
12/4/09,-0.060283733
12/11/09,-0.091685399
12/18/09,-0.124823393
12/25/09,-0.156086508
1/1/10,-0.181469928
1/8/10,-0.201802596
1/15/10,-0.211024802
1/22/10,-0.209193638
1/29/10,-0.204389209
2/5/10,-0.200108611
2/12/10,-0.202984878
2/19/10,-0.220011515
2/26/10,-0.248884439
3/5/10,-0.288969638
3/12/10,-0.335466042
3/19/10,-0.381357603
3/26/10,-0.4222993
4/2/10,-0.450792863
4/9/10,-0.462589418
4/16/10,-0.45130479
4/23/10,-0.415455574
4/30/10,-0.355894907
5/7/10,-0.27830569
5/14/10,-0.201277401
5/21/10,-0.127641896
5/28/10,-0.072882279
6/4/10,-0.041915176
6/11/10,-0.033091843
6/18/10,-0.048040472
6/25/10,-0.075710465
7/2/10,-0.11041182
7/9/10,-0.15239571
7/16/10,-0.193004835
7/23/10,-0.226454492
7/30/10,-0.251070957
8/6/10,-0.265371313
8/13/10,-0.270107289
8/20/10,-0.271288639
8/27/10,-0.273313847
9/3/10,-0.280582198
9/10/10,-0.295432635
9/17/10,-0.314809951
9/24/10,-0.336832937
10/1/10,-0.360985129
10/8/10,-0.38486009
10/15/10,-0.406722714
10/22/10,-0.424349318
10/29/10,-0.438170574
11/5/10,-0.447355854
11/12/10,-0.450690094
11/19/10,-0.452769502
11/26/10,-0.455226606
12/3/10,-0.461160815
12/10/10,-0.473106651
12/17/10,-0.48857263
12/24/10,-0.508104453
12/31/10,-0.529325232
1/7/11,-0.550981191
1/14/11,-0.571253709
1/21/11,-0.588641398
1/28/11,-0.600670935
2/4/11,-0.605611846
2/11/11,-0.603883994
2/18/11,-0.594275258
2/25/11,-0.57901064
3/4/11,-0.565098856
3/11/11,-0.55431679
3/18/11,-0.548656814
3/25/11,-0.553553725
4/1/11,-0.564322553
4/8/11,-0.578705052
4/15/11,-0.592128119
4/22/11,-0.601627266
4/29/11,-0.605261292
5/6/11,-0.60193292
5/13/11,-0.592379479
5/20/11,-0.579813299
5/27/11,-0.565794908
6/3/11,-0.552238827
6/10/11,-0.539758219
6/17/11,-0.530858419
6/24/11,-0.523820947
7/1/11,-0.516973973
7/8/11,-0.5050264
7/15/11,-0.482558673
7/22/11,-0.448025308
7/29/11,-0.398535133
8/5/11,-0.333861587
8/12/11,-0.261453263
8/19/11,-0.197464419
8/26/11,-0.138674385
9/2/11,-0.095900205
9/9/11,-0.063952301
9/16/11,-0.046048537
9/23/11,-0.037062724
9/30/11,-0.039430277
10/7/11,-0.051392999
10/14/11,-0.073314145
10/21/11,-0.091825045
10/28/11,-0.106169719
11/4/11,-0.107658859
11/11/11,-0.100092149
11/18/11,-0.087237918
11/25/11,-0.07406484
12/2/11,-0.072366706
12/9/11,-0.078634699
12/16/11,-0.092551918
12/23/11,-0.117134528
12/30/11,-0.151467258
1/6/12,-0.193108382
1/13/12,-0.239778687
1/20/12,-0.286260287
1/27/12,-0.328327253
2/3/12,-0.361179746
2/10/12,-0.385052304
2/17/12,-0.400543113
2/24/12,-0.412459808
3/2/12,-0.423365248
3/9/12,-0.431544303
3/16/12,-0.439075917
3/23/12,-0.442730908
3/30/12,-0.440533304
4/6/12,-0.432765072
4/13/12,-0.419828954
4/20/12,-0.404041837
4/27/12,-0.382887122
5/4/12,-0.356607558
5/11/12,-0.324726922
5/18/12,-0.290936683
5/25/12,-0.263911165
6/1/12,-0.244647364
6/8/12,-0.237248557
6/15/12,-0.242837335
6/22/12,-0.258405734
6/29/12,-0.277906035
7/6/12,-0.301043287
7/13/12,-0.324765587
7/20/12,-0.348624212
7/27/12,-0.370004191
8/3/12,-0.391459085
8/10/12,-0.410694261
8/17/12,-0.428976808
8/24/12,-0.447183455
8/31/12,-0.464710464
9/7/12,-0.483344122
9/14/12,-0.502784095
9/21/12,-0.519149969
9/28/12,-0.532289167
10/5/12,-0.543289633
10/12/12,-0.55012278
10/19/12,-0.554058482
10/26/12,-0.553619714
11/2/12,-0.552124661
11/9/12,-0.550108346
11/16/12,-0.549505768
11/23/12,-0.553298031
11/30/12,-0.559103755
12/7/12,-0.567799574
12/14/12,-0.579440246
12/21/12,-0.592064239
12/28/12,-0.604297133
1/4/13,-0.619001422
1/11/13,-0.631814728
1/18/13,-0.641404643
1/25/13,-0.648157543
2/1/13,-0.651638756
2/8/13,-0.652840753
2/15/13,-0.654160756
2/22/13,-0.65513453
3/1/13,-0.655607641
3/8/13,-0.657960881
3/15/13,-0.660946574
3/22/13,-0.664045807
3/29/13,-0.668863541
4/5/13,-0.676250417
4/12/13,-0.686913494
4/19/13,-0.697872983
4/26/13,-0.710342506
5/3/13,-0.720315851
5/10/13,-0.725374837
5/17/13,-0.723073929
5/24/13,-0.713357155
5/31/13,-0.696923636
6/7/13,-0.677110084
6/14/13,-0.657948819
6/21/13,-0.642199008
6/28/13,-0.634762999
7/5/13,-0.635044787
7/12/13,-0.642554586
7/19/13,-0.654790736
7/26/13,-0.666515713
8/2/13,-0.674633351
8/9/13,-0.678356718
8/16/13,-0.677358309
8/23/13,-0.67324472
8/30/13,-0.669252511
9/6/13,-0.667614079
9/13/13,-0.669736123
9/20/13,-0.674791778
9/27/13,-0.682501535
10/4/13,-0.692422948
10/11/13,-0.704892562
10/18/13,-0.718989486
10/25/13,-0.73288831
11/1/13,-0.744831456
11/8/13,-0.755392581
11/15/13,-0.764210746
11/22/13,-0.77084779
11/29/13,-0.776114946
12/6/13,-0.779877892
12/13/13,-0.783001992
12/20/13,-0.784958567
12/27/13,-0.785897452
1/3/14,-0.783538017
1/10/14,-0.780686549
1/17/14,-0.776343137
1/24/14,-0.771856278
1/31/14,-0.768995648
2/7/14,-0.769418476
2/14/14,-0.773127149
2/21/14,-0.777421287
2/28/14,-0.781632361
3/7/14,-0.784627567
3/14/14,-0.78509734
3/21/14,-0.78421129
3/28/14,-0.781451614
4/4/14,-0.779573183
4/11/14,-0.777012754
4/18/14,-0.775117498
4/25/14,-0.774454274
5/2/14,-0.775733212
5/9/14,-0.778699418
5/16/14,-0.782984154
5/23/14,-0.789315904
5/30/14,-0.795285405
6/6/14,-0.798799867
6/13/14,-0.79912975
6/20/14,-0.795880473
6/27/14,-0.788975024
7/4/14,-0.77902784
7/11/14,-0.767495917
7/18/14,-0.755314356
7/25/14,-0.744633949
8/1/14,-0.736016104
8/8/14,-0.730973478
8/15/14,-0.730412466
8/22/14,-0.730118278
8/29/14,-0.727637103
9/5/14,-0.721648354
9/12/14,-0.710729886
9/19/14,-0.695300659
9/26/14,-0.677588679
10/3/14,-0.660970349
10/10/14,-0.648890783
10/17/14,-0.640751269
10/24/14,-0.64202573
10/31/14,-0.647244121
11/7/14,-0.654484714
11/14/14,-0.659523969
11/21/14,-0.658756568
11/28/14,-0.651975362
12/5/14,-0.638574909
12/12/14,-0.618132975
12/19/14,-0.594660183
12/26/14,-0.57237585
1/2/15,-0.549694068
1/9/15,-0.531340134
1/16/15,-0.516920676
1/23/15,-0.509000374
1/30/15,-0.506404592
2/6/15,-0.509012748
2/13/15,-0.515111238
2/20/15,-0.523486258
2/27/15,-0.532279688
3/6/15,-0.538855359
3/13/15,-0.543884977
3/20/15,-0.548300661
3/27/15,-0.55116784
4/3/15,-0.553684638
4/10/15,-0.556354019
4/17/15,-0.557915142
4/24/15,-0.559780046
5/1/15,-0.560189792
5/8/15,-0.55927432
5/15/15,-0.558781036
5/22/15,-0.558459145
5/29/15,-0.557395278
6/5/15,-0.555944124
6/12/15,-0.5541576
6/19/15,-0.550962736
6/26/15,-0.548145056
7/3/15,-0.542693797
7/10/15,-0.537428818
7/17/15,-0.531658616
7/24/15,-0.52100352
7/31/15,-0.504791692
8/7/15,-0.484018257
8/14/15,-0.460274149
8/21/15,-0.435554557
8/28/15,-0.413401064
9/4/15,-0.399030471
9/11/15,-0.39260427
9/18/15,-0.392637904
9/25/15,-0.398735743
10/2/15,-0.409369678
10/9/15,-0.42687255
10/16/15,-0.44302932
10/23/15,-0.45746567
10/30/15,-0.4677093
11/6/15,-0.471631122
11/13/15,-0.467472226
11/20/15,-0.457098376
11/27/15,-0.441842153
12/4/15,-0.421767515
12/11/15,-0.397634423
12/18/15,-0.373810714
12/25/15,-0.351415088
1/1/16,-0.331354428
1/8/16,-0.313148842
1/15/16,-0.29685269
1/22/16,-0.284349445
1/29/16,-0.276155623
2/5/16,-0.271691618
2/12/16,-0.272094728
2/19/16,-0.282777822
2/26/16,-0.299018948
3/4/16,-0.318998486
3/11/16,-0.339094485
3/18/16,-0.357335656
3/25/16,-0.370152054
4/1/16,-0.37928876
4/8/16,-0.384192967
4/15/16,-0.387491189
4/22/16,-0.389236774
4/29/16,-0.388515244
5/6/16,-0.386000883
5/13/16,-0.383423488
5/20/16,-0.379957647
5/27/16,-0.37542215
6/3/16,-0.369472534
6/10/16,-0.363134703
6/17/16,-0.35597984
6/24/16,-0.352034962
7/1/16,-0.350256673
7/8/16,-0.353028078
7/15/16,-0.358926466
7/22/16,-0.36460117
7/29/16,-0.369917305
8/5/16,-0.37284619
8/12/16,-0.373556349
8/19/16,-0.37131373
8/26/16,-0.366016744
9/2/16,-0.35857309
9/9/16,-0.352170648
9/16/16,-0.34726405
9/23/16,-0.345631707
9/30/16,-0.348491383
10/7/16,-0.355496655
10/14/16,-0.364474751
10/21/16,-0.375568433
10/28/16,-0.388418817
11/4/16,-0.400369599
11/11/16,-0.414303394
11/18/16,-0.427077825
11/25/16,-0.43838609
12/2/16,-0.448326226
12/9/16,-0.457234879
12/16/16,-0.464186625
12/23/16,-0.470020459
12/30/16,-0.476386509
1/6/17,-0.482060332
1/13/17,-0.487762424
1/20/17,-0.492502991
1/27/17,-0.496094355
2/3/17,-0.498396736
2/10/17,-0.49962354
2/17/17,-0.498993767
2/24/17,-0.496827757
3/3/17,-0.494861708
3/10/17,-0.492228355
3/17/17,-0.489796947
3/24/17,-0.488206627
3/31/17,-0.489486439
4/7/17,-0.49271695
4/14/17,-0.498326379
4/21/17,-0.505974777
4/28/17,-0.515999237
5/5/17,-0.526003509
5/12/17,-0.535860611
5/19/17,-0.544582674
5/26/17,-0.553511912
6/2/17,-0.560572503
6/9/17,-0.566208783
6/16/17,-0.57044416
6/23/17,-0.573307589
6/30/17,-0.576422116
7/7/17,-0.579391595
7/14/17,-0.582577908
7/21/17,-0.584753606
7/28/17,-0.584337635
8/4/17,-0.581170829
8/11/17,-0.575795768
8/18/17,-0.570252695
8/25/17,-0.566122677
9/1/17,-0.563920885
9/8/17,-0.563565595
9/15/17,-0.566477364
9/22/17,-0.570916897
9/29/17,-0.576440857
10/6/17,-0.583350983
10/13/17,-0.590450085
10/20/17,-0.597261107
10/27/17,-0.602567601
11/3/17,-0.606659811
11/10/17,-0.608663928
11/17/17,-0.609626498
11/24/17,-0.610427172
12/1/17,-0.611424787
12/8/17,-0.612632262
12/15/17,-0.61529025
12/22/17,-0.619068742
12/29/17,-0.622683151
1/5/18,-0.626276271
1/12/18,-0.626142119
1/19/18,-0.621480799
1/26/18,-0.612286849
2/2/18,-0.598227908
2/9/18,-0.580261963
2/16/18,-0.564387063
2/23/18,-0.549450473
3/2/18,-0.53511917
3/9/18,-0.522043957
3/16/18,-0.511598821
3/23/18,-0.504113445
3/30/18,-0.502505972
4/6/18,-0.50616315
4/13/18,-0.516267796
4/20/18,-0.530575877
4/27/18,-0.544084059
5/4/18,-0.556005627
5/11/18,-0.565063279
5/18/18,-0.569783576
5/25/18,-0.56926128
6/1/18,-0.56422665
6/8/18,-0.558312187
6/15/18,-0.551368785
6/22/18,-0.545453587
6/29/18,-0.542230867
7/6/18,-0.54344768
7/13/18,-0.548924434
7/20/18,-0.556975381
7/27/18,-0.566139551
8/3/18,-0.575287048
8/10/18,-0.584314376
8/17/18,-0.591217503
8/24/18,-0.596905041
8/31/18,-0.600858285
9/7/18,-0.602950408
9/14/18,-0.60318335
9/21/18,-0.600431735
9/28/18,-0.595851577
10/5/18,-0.588854861
10/12/18,-0.578551841
10/19/18,-0.567021324
10/26/18,-0.553204495
11/2/18,-0.537682424
11/9/18,-0.521375906
11/16/18,-0.501678933
11/23/18,-0.480185326
11/30/18,-0.459697463
12/7/18,-0.440344829
12/14/18,-0.426759908
12/21/18,-0.420617534
12/28/18,-0.423983649
1/4/19,-0.437019735
1/11/19,-0.457083751
1/18/19,-0.48071463
1/25/19,-0.505128567
2/1/19,-0.529000677
2/8/19,-0.549461993
2/15/19,-0.566647077
2/22/19,-0.579885284
3/1/19,-0.588766528
3/8/19,-0.593945722
3/15/19,-0.597857373
3/22/19,-0.601794562
3/29/19,-0.604657975
4/5/19,-0.608892076
4/12/19,-0.612275669
4/19/19,-0.614283426
4/26/19,-0.613228993
5/3/19,-0.609632475
5/10/19,-0.602569995
5/17/19,-0.594079884
5/24/19,-0.585803144
5/31/19,-0.577653907
6/7/19,-0.572235098
6/14/19,-0.570076927
6/21/19,-0.569979753
6/28/19,-0.572370113
7/5/19,-0.576451904
7/12/19,-0.578504819
7/19/19,-0.578393855
7/26/19,-0.575108223
8/2/19,-0.567326986
8/9/19,-0.556444225
8/16/19,-0.544850864
8/23/19,-0.534621568
8/30/19,-0.525207689
9/6/19,-0.518293533
9/13/19,-0.51277757
9/20/19,-0.508603669
9/27/19,-0.508435734
10/4/19,-0.511856576
10/11/19,-0.520113761
10/18/19,-0.53248969
10/25/19,-0.546400801
11/1/19,-0.558625599
11/8/19,-0.568450914
11/15/19,-0.573799233
11/22/19,-0.573957979
11/29/19,-0.569041937
12/6/19,-0.560054283
12/13/19,-0.552448608
12/20/19,-0.548347238
12/27/19,-0.552956744
1/3/20,-0.566030458
1/10/20,-0.585910497
1/17/20,-0.60732268
1/24/20,-0.620867307
1/31/20,-0.619121525
2/7/20,-0.593926724
2/14/20,-0.534509616
2/21/20,-0.433994457
2/28/20,-0.293683102
3/6/20,-0.130034442
3/13/20,0.039100655
3/20/20,0.186969535
3/27/20,0.280738487
4/3/20,0.319046334
4/10/20,0.304675471
4/17/20,0.247779994
4/24/20,0.168123939
5/1/20,0.069566126
5/8/20,-0.030969975
5/15/20,-0.122197953
5/22/20,-0.202759977
5/29/20,-0.266898441
6/5/20,-0.313715752
6/12/20,-0.343521754
6/19/20,-0.365965351
6/26/20,-0.384069237
7/3/20,-0.40122065
7/10/20,-0.420002492
7/17/20,-0.439122747
7/24/20,-0.458497506
7/31/20,-0.476349544
8/7/20,-0.49025695
8/14/20,-0.500690211
8/21/20,-0.506943233
8/28/20,-0.508944685
9/4/20,-0.506626367
9/11/20,-0.502032456
9/18/20,-0.498025393
9/25/20,-0.492150136
10/2/20,-0.488843914
10/9/20,-0.488864707
10/16/20,-0.491244938
10/23/20,-0.497070434
10/30/20,-0.505547124
11/6/20,-0.519219962
11/13/20,-0.536125545
11/20/20,-0.552510014
11/27/20,-0.567273049
12/4/20,-0.580283936
12/11/20,-0.590559522
12/18/20,-0.597951868
12/25/20,-0.604152961
1/1/21,-0.609434973
1/8/21,-0.613952216
1/15/21,-0.616632419
1/22/21,-0.618600364
1/29/21,-0.618897001
2/5/21,-0.621061199
2/12/21,-0.622750772
2/19/21,-0.624533002
2/26/21,-0.626590001
3/5/21,-0.630774089
3/12/21,-0.635831621
3/19/21,-0.641305196
3/26/21,-0.647941169
4/2/21,-0.654953104
4/9/21,-0.663249298
4/16/21,-0.67013175
4/23/21,-0.676416923
4/30/21,-0.681707394
5/7/21,-0.686563149
5/14/21,-0.688605266
5/21/21,-0.691040652
5/28/21,-0.693177407
6/4/21,-0.694088096
6/11/21,-0.6933105
6/18/21,-0.690199039
6/25/21,-0.686118228
7/2/21,-0.680489331
7/9/21,-0.673706949
7/16/21,-0.666899357
7/23/21,-0.660307441
7/30/21,-0.654942898
8/6/21,-0.650267156
8/13/21,-0.647530398
8/20/21,-0.645863428
8/27/21,-0.646577635
9/3/21,-0.647754615
9/10/21,-0.649608546
9/17/21,-0.651786707
9/24/21,-0.653014465
10/1/21,-0.653316688
10/8/21,-0.651602129
10/15/21,-0.64605243
10/22/21,-0.63623983
10/29/21,-0.621787872
11/5/21,-0.604034813
11/12/21,-0.584613495
11/19/21,-0.566396402
11/26/21,-0.550190786
12/3/21,-0.538928841
12/10/21,-0.536731365
12/17/21,-0.539342968
12/24/21,-0.546400805
12/31/21,-0.555001913
1/7/22,-0.560883016
1/14/22,-0.560968559
1/21/22,-0.554329713
1/28/22,-0.540194522
2/4/22,-0.521171254
2/11/22,-0.495640879
2/18/22,-0.465878896
2/25/22,-0.436156597
3/4/22,-0.408910041
3/11/22,-0.387838229
3/18/22,-0.375982493
3/25/22,-0.370462293
4/1/22,-0.368424643
4/8/22,-0.366158578
4/15/22,-0.359397689
4/22/22,-0.349002818
4/29/22,-0.333868248
5/6/22,-0.316203334
5/13/22,-0.297380796
5/20/22,-0.278502792
5/27/22,-0.257344592
6/3/22,-0.234318229
6/10/22,-0.209784136
6/17/22,-0.185776245
6/24/22,-0.169798578
7/1/22,-0.16343865
7/8/22,-0.166758079
7/15/22,-0.180216417
7/22/22,-0.199408179
7/29/22,-0.217685632
8/5/22,-0.230984143
8/12/22,-0.238515794
8/19/22,-0.236230453
8/26/22,-0.22370457
9/2/22,-0.202757993
9/9/22,-0.176859227
9/16/22,-0.149014899
9/23/22,-0.123752499
9/30/22,-0.104944944
10/7/22,-0.097943558
10/14/22,-0.100077337
10/21/22,-0.11086217
10/28/22,-0.126343008
11/4/22,-0.144464812
11/11/22,-0.161712068
11/18/22,-0.174588103
11/25/22,-0.182393078
12/2/22,-0.186956921
12/9/22,-0.18983551
12/16/22,-0.196121143
12/23/22,-0.206058996
12/30/22,-0.223328675
1/6/23,-0.246017505
1/13/23,-0.27053376
1/20/23,-0.291498708
1/27/23,-0.308297578
2/3/23,-0.315693791
2/10/23,-0.311880585
2/17/23,-0.297372668
2/24/23,-0.271940874
3/3/23,-0.240920495
3/10/23,-0.208326459
3/17/23,-0.176753488
3/24/23,-0.158113668
3/31/23,-0.154449734
4/7/23,-0.157916263
4/14/23,-0.169352736
4/21/23,-0.182931764
4/28/23,-0.193611923
5/5/23,-0.20179891
5/12/23,-0.208256156
5/19/23,-0.212207743
5/26/23,-0.214176861
6/2/23,-0.215996952
6/9/23,-0.217087333
6/16/23,-0.219156333
6/23/23,-0.223248084
6/30/23,-0.229349943
7/7/23,-0.238075216
7/14/23,-0.250926923
7/21/23,-0.265794223
7/28/23,-0.281615365
8/4/23,-0.298883757
8/11/23,-0.314630167
8/18/23,-0.3270322
8/25/23,-0.335781554
9/1/23,-0.341353284
9/8/23,-0.341132184
9/15/23,-0.336368481
9/22/23,-0.327342258
9/29/23,-0.31500509
10/6/23,-0.303705761
10/13/23,-0.294081795
10/20/23,-0.288128584
10/27/23,-0.287287082
11/3/23,-0.292185604
11/10/23,-0.300910708
11/17/23,-0.311580568
11/24/23,-0.322895471
12/1/23,-0.333389184
12/8/23,-0.342292949
12/15/23,-0.351353932
12/22/23,-0.360622967
12/29/23,-0.369164745
1/5/24,-0.377877574
1/12/24,-0.386034238
1/19/24,-0.393191874
1/26/24,-0.399311387
2/2/24,-0.406071046
2/9/24,-0.412733771
2/16/24,-0.420446844
2/23/24,-0.428446387
3/1/24,-0.434789914
3/8/24,-0.438579802
3/15/24,-0.440358319
3/22/24,-0.438988248
3/29/24,-0.435077581
4/5/24,-0.430401082
4/12/24,-0.425180535
4/19/24,-0.420628539
4/26/24,-0.418992904
5/3/24,-0.419275791
5/10/24,-0.420335635
5/17/24,-0.420932945
5/24/24,-0.420443262
5/31/24,-0.416966215
6/7/24,-0.411263402
6/14/24,-0.404075436
6/21/24,-0.396446409
6/28/24,-0.389976176
7/5/24,-0.384898596
7/12/24,-0.379566987
7/19/24,-0.374658832
7/26/24,-0.370865422
8/2/24,-0.368698451
8/9/24,-0.369570831
8/16/24,-0.3776192
8/23/24,-0.387748554
8/30/24,-0.39915935
9/6/24,-0.410346226
9/13/24,-0.420125557
9/20/24,-0.427982548
9/27/24,-0.434034757
10/4/24,-0.437958768
10/11/24,-0.44087983
10/18/24,-0.445124048
10/25/24,-0.449541917
11/1/24,-0.45555319
11/8/24,-0.463622146
11/15/24,-0.471257182
11/22/24,-0.476470486
11/29/24,-0.4800512
12/6/24,-0.482515348
12/13/24,-0.484188492
12/20/24,-0.485455651
12/27/24,-0.489671255
1/3/25,-0.494616009
1/10/25,-0.500879488
1/17/25,-0.506178844
1/24/25,-0.511094158
1/31/25,-0.513860993
2/7/25,-0.512542713
2/14/25,-0.507749327
2/21/25,-0.498041669
2/28/25,-0.484477251
3/7/25,-0.467717433
3/14/25,-0.449343177
3/21/25,-0.431407464
3/28/25,-0.414536064
4/4/25,-0.399402992
4/11/25,-0.388449423
4/18/25,-0.388790024
4/25/25,-0.395294197
5/2/25,-0.408653177
5/9/25,-0.425951528
5/16/25,-0.443412771
5/23/25,-0.457928563
5/30/25,-0.46957182
6/6/25,-0.47843778
6/13/25,-0.485623485
6/20/25,-0.49184211
6/27/25,-0.498403247
7/4/25,-0.505259321
7/11/25,-0.511775191
7/18/25,-0.516991242
7/25/25,-0.521494482
8/1/25,-0.524654802
8/8/25,-0.526787313
8/15/25,-0.529526846
8/22/25,-0.530628514
8/29/25,-0.531282848
9/5/25,-0.530949434
9/12/25,-0.530767634
9/19/25,-0.529390007
9/26/25,-0.528443173
10/3/25,-0.527941189
10/10/25,-0.527588668
10/17/25,-0.526994126
10/24/25,-0.528101786
10/31/25,-0.529550628
11/7/25,-0.531460041
11/14/25,-0.533043942
11/21/25,-0.534144728